,ReportDate,CrashCount,Year,Month,Day
0,2013/04/01,49,2013,04,01
1,2013/04/02,35,2013,04,02
2,2013/04/03,49,2013,04,03
3,2013/04/04,38,2013,04,04
4,2013/04/05,60,2013,04,05
5,2013/04/06,49,2013,04,06
6,2013/04/07,52,2013,04,07
7,2013/04/08,64,2013,04,08
8,2013/04/09,59,2013,04,09
9,2013/04/10,70,2013,04,10
10,2013/04/11,55,2013,04,11
11,2013/04/12,49,2013,04,12
12,2013/04/13,53,2013,04,13
13,2013/04/14,58,2013,04,14
14,2013/04/15,52,2013,04,15
15,2013/04/16,46,2013,04,16
16,2013/04/17,62,2013,04,17
17,2013/04/18,64,2013,04,18
18,2013/04/19,73,2013,04,19
19,2013/04/20,47,2013,04,20
20,2013/04/21,40,2013,04,21
21,2013/04/22,52,2013,04,22
22,2013/04/23,46,2013,04,23
23,2013/04/24,47,2013,04,24
24,2013/04/25,65,2013,04,25
25,2013/04/26,55,2013,04,26
26,2013/04/27,44,2013,04,27
27,2013/04/28,54,2013,04,28
28,2013/04/29,66,2013,04,29
29,2013/04/30,62,2013,04,30
30,2013/05/01,45,2013,05,01
31,2013/05/02,55,2013,05,02
32,2013/05/03,65,2013,05,03
33,2013/05/04,60,2013,05,04
34,2013/05/05,49,2013,05,05
35,2013/05/06,48,2013,05,06
36,2013/05/07,41,2013,05,07
37,2013/05/08,64,2013,05,08
38,2013/05/09,42,2013,05,09
39,2013/05/10,64,2013,05,10
40,2013/05/11,49,2013,05,11
41,2013/05/12,47,2013,05,12
42,2013/05/13,46,2013,05,13
43,2013/05/14,50,2013,05,14
44,2013/05/15,58,2013,05,15
45,2013/05/16,62,2013,05,16
46,2013/05/17,54,2013,05,17
47,2013/05/18,49,2013,05,18
48,2013/05/19,47,2013,05,19
49,2013/05/20,45,2013,05,20
50,2013/05/21,78,2013,05,21
51,2013/05/22,57,2013,05,22
52,2013/05/23,60,2013,05,23
53,2013/05/24,59,2013,05,24
54,2013/05/25,41,2013,05,25
55,2013/05/26,39,2013,05,26
56,2013/05/27,24,2013,05,27
57,2013/05/28,56,2013,05,28
58,2013/05/29,54,2013,05,29
59,2013/05/30,59,2013,05,30
60,2013/05/31,62,2013,05,31
61,2013/06/01,46,2013,06,01
62,2013/06/02,42,2013,06,02
63,2013/06/03,42,2013,06,03
64,2013/06/04,52,2013,06,04
65,2013/06/05,43,2013,06,05
66,2013/06/06,54,2013,06,06
67,2013/06/07,61,2013,06,07
68,2013/06/08,46,2013,06,08
69,2013/06/09,37,2013,06,09
70,2013/06/10,54,2013,06,10
71,2013/06/11,56,2013,06,11
72,2013/06/12,63,2013,06,12
73,2013/06/13,41,2013,06,13
74,2013/06/14,62,2013,06,14
75,2013/06/15,58,2013,06,15
76,2013/06/16,40,2013,06,16
77,2013/06/17,46,2013,06,17
78,2013/06/18,50,2013,06,18
79,2013/06/19,44,2013,06,19
80,2013/06/20,40,2013,06,20
81,2013/06/21,73,2013,06,21
82,2013/06/22,53,2013,06,22
83,2013/06/23,39,2013,06,23
84,2013/06/24,51,2013,06,24
85,2013/06/25,62,2013,06,25
86,2013/06/26,39,2013,06,26
87,2013/06/27,67,2013,06,27
88,2013/06/28,54,2013,06,28
89,2013/06/29,56,2013,06,29
90,2013/06/30,35,2013,06,30
91,2013/07/01,58,2013,07,01
92,2013/07/02,53,2013,07,02
93,2013/07/03,56,2013,07,03
94,2013/07/04,59,2013,07,04
95,2013/07/05,64,2013,07,05
96,2013/07/06,46,2013,07,06
97,2013/07/07,43,2013,07,07
98,2013/07/08,43,2013,07,08
99,2013/07/09,46,2013,07,09
100,2013/07/10,52,2013,07,10
101,2013/07/11,44,2013,07,11
102,2013/07/12,66,2013,07,12
103,2013/07/13,65,2013,07,13
104,2013/07/14,59,2013,07,14
105,2013/07/15,52,2013,07,15
106,2013/07/16,64,2013,07,16
107,2013/07/17,52,2013,07,17
108,2013/07/18,51,2013,07,18
109,2013/07/19,50,2013,07,19
110,2013/07/20,40,2013,07,20
111,2013/07/21,39,2013,07,21
112,2013/07/22,53,2013,07,22
113,2013/07/23,45,2013,07,23
114,2013/07/24,49,2013,07,24
115,2013/07/25,59,2013,07,25
116,2013/07/26,66,2013,07,26
117,2013/07/27,51,2013,07,27
118,2013/07/28,51,2013,07,28
119,2013/07/29,43,2013,07,29
120,2013/07/30,56,2013,07,30
121,2013/07/31,49,2013,07,31
122,2013/08/01,49,2013,08,01
123,2013/08/02,57,2013,08,02
124,2013/08/03,45,2013,08,03
125,2013/08/04,43,2013,08,04
126,2013/08/05,41,2013,08,05
127,2013/08/06,37,2013,08,06
128,2013/08/07,47,2013,08,07
129,2013/08/08,42,2013,08,08
130,2013/08/09,46,2013,08,09
131,2013/08/10,44,2013,08,10
132,2013/08/11,38,2013,08,11
133,2013/08/12,48,2013,08,12
134,2013/08/13,38,2013,08,13
135,2013/08/14,43,2013,08,14
136,2013/08/15,44,2013,08,15
137,2013/08/16,45,2013,08,16
138,2013/08/17,42,2013,08,17
139,2013/08/18,39,2013,08,18
140,2013/08/19,42,2013,08,19
141,2013/08/20,33,2013,08,20
142,2013/08/21,47,2013,08,21
143,2013/08/22,54,2013,08,22
144,2013/08/23,54,2013,08,23
145,2013/08/24,52,2013,08,24
146,2013/08/25,39,2013,08,25
147,2013/08/26,47,2013,08,26
148,2013/08/27,53,2013,08,27
149,2013/08/28,43,2013,08,28
150,2013/08/29,49,2013,08,29
151,2013/08/30,50,2013,08,30
152,2013/08/31,52,2013,08,31
153,2013/09/01,37,2013,09,01
154,2013/09/02,34,2013,09,02
155,2013/09/03,50,2013,09,03
156,2013/09/04,53,2013,09,04
157,2013/09/05,62,2013,09,05
158,2013/09/06,68,2013,09,06
159,2013/09/07,60,2013,09,07
160,2013/09/08,40,2013,09,08
161,2013/09/09,45,2013,09,09
162,2013/09/10,52,2013,09,10
163,2013/09/11,42,2013,09,11
164,2013/09/12,50,2013,09,12
165,2013/09/13,62,2013,09,13
166,2013/09/14,60,2013,09,14
167,2013/09/15,46,2013,09,15
168,2013/09/16,53,2013,09,16
169,2013/09/17,57,2013,09,17
170,2013/09/18,47,2013,09,18
171,2013/09/19,55,2013,09,19
172,2013/09/20,66,2013,09,20
173,2013/09/21,53,2013,09,21
174,2013/09/22,55,2013,09,22
175,2013/09/23,36,2013,09,23
176,2013/09/24,62,2013,09,24
177,2013/09/25,35,2013,09,25
178,2013/09/26,53,2013,09,26
179,2013/09/27,46,2013,09,27
180,2013/09/28,56,2013,09,28
181,2013/09/29,32,2013,09,29
182,2013/09/30,55,2013,09,30
183,2013/10/01,69,2013,10,01
184,2013/10/02,45,2013,10,02
185,2013/10/03,42,2013,10,03
186,2013/10/04,57,2013,10,04
187,2013/10/05,48,2013,10,05
188,2013/10/06,29,2013,10,06
189,2013/10/07,47,2013,10,07
190,2013/10/08,46,2013,10,08
191,2013/10/09,53,2013,10,09
192,2013/10/10,50,2013,10,10
193,2013/10/11,68,2013,10,11
194,2013/10/12,47,2013,10,12
195,2013/10/13,29,2013,10,13
196,2013/10/14,35,2013,10,14
197,2013/10/15,42,2013,10,15
198,2013/10/16,36,2013,10,16
199,2013/10/17,48,2013,10,17
200,2013/10/18,61,2013,10,18
201,2013/10/19,42,2013,10,19
202,2013/10/20,31,2013,10,20
203,2013/10/21,50,2013,10,21
204,2013/10/22,45,2013,10,22
205,2013/10/23,56,2013,10,23
206,2013/10/24,50,2013,10,24
207,2013/10/25,76,2013,10,25
208,2013/10/26,67,2013,10,26
209,2013/10/27,47,2013,10,27
210,2013/10/28,41,2013,10,28
211,2013/10/29,53,2013,10,29
212,2013/10/30,65,2013,10,30
213,2013/10/31,59,2013,10,31
214,2013/11/01,53,2013,11,01
215,2013/11/02,41,2013,11,02
216,2013/11/03,41,2013,11,03
217,2013/11/04,46,2013,11,04
218,2013/11/05,52,2013,11,05
219,2013/11/06,56,2013,11,06
220,2013/11/07,45,2013,11,07
221,2013/11/08,55,2013,11,08
222,2013/11/09,49,2013,11,09
223,2013/11/10,28,2013,11,10
224,2013/11/11,32,2013,11,11
225,2013/11/12,48,2013,11,12
226,2013/11/13,42,2013,11,13
227,2013/11/14,52,2013,11,14
228,2013/11/15,62,2013,11,15
229,2013/11/16,72,2013,11,16
230,2013/11/17,35,2013,11,17
231,2013/11/18,49,2013,11,18
232,2013/11/19,57,2013,11,19
233,2013/11/20,47,2013,11,20
234,2013/11/21,42,2013,11,21
235,2013/11/22,53,2013,11,22
236,2013/11/23,40,2013,11,23
237,2013/11/24,36,2013,11,24
238,2013/11/25,54,2013,11,25
239,2013/11/26,59,2013,11,26
240,2013/11/27,47,2013,11,27
241,2013/11/28,32,2013,11,28
242,2013/11/29,22,2013,11,29
243,2013/11/30,27,2013,11,30
244,2013/12/01,28,2013,12,01
245,2013/12/02,44,2013,12,02
246,2013/12/03,42,2013,12,03
247,2013/12/04,48,2013,12,04
248,2013/12/05,48,2013,12,05
249,2013/12/06,77,2013,12,06
250,2013/12/07,56,2013,12,07
251,2013/12/08,43,2013,12,08
252,2013/12/09,43,2013,12,09
253,2013/12/10,30,2013,12,10
254,2013/12/11,53,2013,12,11
255,2013/12/12,53,2013,12,12
256,2013/12/13,50,2013,12,13
257,2013/12/14,47,2013,12,14
258,2013/12/15,35,2013,12,15
259,2013/12/16,40,2013,12,16
260,2013/12/17,49,2013,12,17
261,2013/12/18,53,2013,12,18
262,2013/12/19,75,2013,12,19
263,2013/12/20,38,2013,12,20
264,2013/12/21,43,2013,12,21
265,2013/12/22,33,2013,12,22
266,2013/12/23,32,2013,12,23
267,2013/12/24,35,2013,12,24
268,2013/12/25,27,2013,12,25
269,2013/12/26,26,2013,12,26
270,2013/12/27,37,2013,12,27
271,2013/12/28,46,2013,12,28
272,2013/12/29,27,2013,12,29
273,2013/12/30,29,2013,12,30
274,2013/12/31,6,2013,12,31
275,2014/01/01,33,2014,01,01
276,2014/01/02,28,2014,01,02
277,2014/01/03,31,2014,01,03
278,2014/01/04,38,2014,01,04
279,2014/01/05,27,2014,01,05
280,2014/01/06,36,2014,01,06
281,2014/01/07,48,2014,01,07
282,2014/01/08,52,2014,01,08
283,2014/01/09,58,2014,01,09
284,2014/01/10,71,2014,01,10
285,2014/01/11,60,2014,01,11
286,2014/01/12,45,2014,01,12
287,2014/01/13,48,2014,01,13
288,2014/01/14,51,2014,01,14
289,2014/01/15,47,2014,01,15
290,2014/01/16,52,2014,01,16
291,2014/01/17,53,2014,01,17
292,2014/01/18,41,2014,01,18
293,2014/01/19,38,2014,01,19
294,2014/01/20,34,2014,01,20
295,2014/01/21,49,2014,01,21
296,2014/01/22,39,2014,01,22
297,2014/01/23,51,2014,01,23
298,2014/01/24,51,2014,01,24
299,2014/01/25,45,2014,01,25
300,2014/01/26,34,2014,01,26
301,2014/01/27,31,2014,01,27
302,2014/01/28,42,2014,01,28
303,2014/01/29,51,2014,01,29
304,2014/01/30,48,2014,01,30
305,2014/01/31,45,2014,01,31
306,2014/02/01,51,2014,02,01
307,2014/02/02,43,2014,02,02
308,2014/02/03,47,2014,02,03
309,2014/02/04,51,2014,02,04
310,2014/02/05,30,2014,02,05
311,2014/02/06,51,2014,02,06
312,2014/02/07,53,2014,02,07
313,2014/02/08,48,2014,02,08
314,2014/02/09,27,2014,02,09
315,2014/02/10,52,2014,02,10
316,2014/02/11,39,2014,02,11
317,2014/02/12,53,2014,02,12
318,2014/02/13,26,2014,02,13
319,2014/02/14,42,2014,02,14
320,2014/02/15,39,2014,02,15
321,2014/02/16,30,2014,02,16
322,2014/02/17,25,2014,02,17
323,2014/02/18,55,2014,02,18
324,2014/02/19,55,2014,02,19
325,2014/02/20,56,2014,02,20
326,2014/02/21,49,2014,02,21
327,2014/02/22,65,2014,02,22
328,2014/02/23,33,2014,02,23
329,2014/02/24,51,2014,02,24
330,2014/02/25,65,2014,02,25
331,2014/02/26,56,2014,02,26
332,2014/02/27,51,2014,02,27
333,2014/02/28,62,2014,02,28
334,2014/03/01,49,2014,03,01
335,2014/03/02,47,2014,03,02
336,2014/03/03,30,2014,03,03
337,2014/03/04,59,2014,03,04
338,2014/03/05,51,2014,03,05
339,2014/03/06,47,2014,03,06
340,2014/03/07,62,2014,03,07
341,2014/03/08,53,2014,03,08
342,2014/03/09,44,2014,03,09
343,2014/03/10,39,2014,03,10
344,2014/03/11,52,2014,03,11
345,2014/03/12,44,2014,03,12
346,2014/03/13,49,2014,03,13
347,2014/03/14,56,2014,03,14
348,2014/03/15,56,2014,03,15
349,2014/03/16,38,2014,03,16
350,2014/03/17,25,2014,03,17
351,2014/03/18,49,2014,03,18
352,2014/03/19,49,2014,03,19
353,2014/03/20,54,2014,03,20
354,2014/03/21,54,2014,03,21
355,2014/03/22,50,2014,03,22
356,2014/03/23,52,2014,03,23
357,2014/03/24,47,2014,03,24
358,2014/03/25,39,2014,03,25
359,2014/03/26,43,2014,03,26
360,2014/03/27,51,2014,03,27
361,2014/03/28,65,2014,03,28
362,2014/03/29,65,2014,03,29
363,2014/03/30,56,2014,03,30
364,2014/03/31,73,2014,03,31
365,2014/04/01,53,2014,04,01
366,2014/04/02,49,2014,04,02
367,2014/04/03,50,2014,04,03
368,2014/04/04,62,2014,04,04
369,2014/04/05,59,2014,04,05
370,2014/04/06,52,2014,04,06
371,2014/04/07,63,2014,04,07
372,2014/04/08,50,2014,04,08
373,2014/04/09,51,2014,04,09
374,2014/04/10,65,2014,04,10
375,2014/04/11,76,2014,04,11
376,2014/04/12,61,2014,04,12
377,2014/04/13,38,2014,04,13
378,2014/04/14,46,2014,04,14
379,2014/04/15,56,2014,04,15
380,2014/04/16,49,2014,04,16
381,2014/04/17,46,2014,04,17
382,2014/04/18,65,2014,04,18
383,2014/04/19,59,2014,04,19
384,2014/04/20,45,2014,04,20
385,2014/04/21,55,2014,04,21
386,2014/04/22,43,2014,04,22
387,2014/04/23,47,2014,04,23
388,2014/04/24,61,2014,04,24
389,2014/04/25,75,2014,04,25
390,2014/04/26,53,2014,04,26
391,2014/04/27,41,2014,04,27
392,2014/04/28,50,2014,04,28
393,2014/04/29,61,2014,04,29
394,2014/04/30,67,2014,04,30
395,2014/05/01,70,2014,05,01
396,2014/05/02,55,2014,05,02
397,2014/05/03,57,2014,05,03
398,2014/05/04,37,2014,05,04
399,2014/05/05,61,2014,05,05
400,2014/05/06,54,2014,05,06
401,2014/05/07,65,2014,05,07
402,2014/05/08,69,2014,05,08
403,2014/05/09,76,2014,05,09
404,2014/05/10,72,2014,05,10
405,2014/05/11,44,2014,05,11
406,2014/05/12,59,2014,05,12
407,2014/05/13,54,2014,05,13
408,2014/05/14,55,2014,05,14
409,2014/05/15,68,2014,05,15
410,2014/05/16,74,2014,05,16
411,2014/05/17,50,2014,05,17
412,2014/05/18,47,2014,05,18
413,2014/05/19,52,2014,05,19
414,2014/05/20,57,2014,05,20
415,2014/05/21,58,2014,05,21
416,2014/05/22,53,2014,05,22
417,2014/05/23,68,2014,05,23
418,2014/05/24,53,2014,05,24
419,2014/05/25,51,2014,05,25
420,2014/05/26,29,2014,05,26
421,2014/05/27,69,2014,05,27
422,2014/05/28,52,2014,05,28
423,2014/05/29,69,2014,05,29
424,2014/05/30,69,2014,05,30
425,2014/05/31,43,2014,05,31
426,2014/06/01,49,2014,06,01
427,2014/06/02,50,2014,06,02
428,2014/06/03,39,2014,06,03
429,2014/06/04,61,2014,06,04
430,2014/06/05,65,2014,06,05
431,2014/06/06,65,2014,06,06
432,2014/06/07,61,2014,06,07
433,2014/06/08,57,2014,06,08
434,2014/06/09,69,2014,06,09
435,2014/06/10,67,2014,06,10
436,2014/06/11,66,2014,06,11
437,2014/06/12,53,2014,06,12
438,2014/06/13,47,2014,06,13
439,2014/06/14,57,2014,06,14
440,2014/06/15,50,2014,06,15
441,2014/06/16,55,2014,06,16
442,2014/06/17,63,2014,06,17
443,2014/06/18,55,2014,06,18
444,2014/06/19,50,2014,06,19
445,2014/06/20,70,2014,06,20
446,2014/06/21,63,2014,06,21
447,2014/06/22,49,2014,06,22
448,2014/06/23,47,2014,06,23
449,2014/06/24,55,2014,06,24
450,2014/06/25,43,2014,06,25
451,2014/06/26,60,2014,06,26
452,2014/06/27,75,2014,06,27
453,2014/06/28,48,2014,06,28
454,2014/06/29,48,2014,06,29
455,2014/06/30,71,2014,06,30
456,2014/07/01,59,2014,07,01
457,2014/07/02,60,2014,07,02
458,2014/07/03,57,2014,07,03
459,2014/07/04,45,2014,07,04
460,2014/07/05,56,2014,07,05
461,2014/07/06,39,2014,07,06
462,2014/07/07,41,2014,07,07
463,2014/07/08,56,2014,07,08
464,2014/07/09,54,2014,07,09
465,2014/07/10,61,2014,07,10
466,2014/07/11,59,2014,07,11
467,2014/07/12,45,2014,07,12
468,2014/07/13,45,2014,07,13
469,2014/07/14,58,2014,07,14
470,2014/07/15,50,2014,07,15
471,2014/07/16,63,2014,07,16
472,2014/07/17,60,2014,07,17
473,2014/07/18,53,2014,07,18
474,2014/07/19,55,2014,07,19
475,2014/07/20,48,2014,07,20
476,2014/07/21,50,2014,07,21
477,2014/07/22,51,2014,07,22
478,2014/07/23,48,2014,07,23
479,2014/07/24,54,2014,07,24
480,2014/07/25,64,2014,07,25
481,2014/07/26,55,2014,07,26
482,2014/07/27,45,2014,07,27
483,2014/07/28,57,2014,07,28
484,2014/07/29,55,2014,07,29
485,2014/07/30,56,2014,07,30
486,2014/07/31,61,2014,07,31
487,2014/08/01,54,2014,08,01
488,2014/08/02,51,2014,08,02
489,2014/08/03,51,2014,08,03
490,2014/08/04,61,2014,08,04
491,2014/08/05,50,2014,08,05
492,2014/08/06,46,2014,08,06
493,2014/08/07,66,2014,08,07
494,2014/08/08,70,2014,08,08
495,2014/08/09,39,2014,08,09
496,2014/08/10,50,2014,08,10
497,2014/08/11,53,2014,08,11
498,2014/08/12,36,2014,08,12
499,2014/08/13,54,2014,08,13
500,2014/08/14,45,2014,08,14
501,2014/08/15,45,2014,08,15
502,2014/08/16,53,2014,08,16
503,2014/08/17,44,2014,08,17
504,2014/08/18,39,2014,08,18
505,2014/08/19,59,2014,08,19
506,2014/08/20,54,2014,08,20
507,2014/08/21,49,2014,08,21
508,2014/08/22,57,2014,08,22
509,2014/08/23,56,2014,08,23
510,2014/08/24,54,2014,08,24
511,2014/08/25,57,2014,08,25
512,2014/08/26,57,2014,08,26
513,2014/08/27,58,2014,08,27
514,2014/08/28,61,2014,08,28
515,2014/08/29,73,2014,08,29
516,2014/08/30,59,2014,08,30
517,2014/08/31,39,2014,08,31
518,2014/09/01,37,2014,09,01
519,2014/09/02,52,2014,09,02
520,2014/09/03,50,2014,09,03
521,2014/09/04,53,2014,09,04
522,2014/09/05,52,2014,09,05
523,2014/09/06,69,2014,09,06
524,2014/09/07,38,2014,09,07
525,2014/09/08,50,2014,09,08
526,2014/09/09,67,2014,09,09
527,2014/09/10,64,2014,09,10
528,2014/09/11,73,2014,09,11
529,2014/09/12,81,2014,09,12
530,2014/09/13,67,2014,09,13
531,2014/09/14,48,2014,09,14
532,2014/09/15,50,2014,09,15
533,2014/09/16,66,2014,09,16
534,2014/09/17,45,2014,09,17
535,2014/09/18,54,2014,09,18
536,2014/09/19,67,2014,09,19
537,2014/09/20,58,2014,09,20
538,2014/09/21,53,2014,09,21
539,2014/09/22,62,2014,09,22
540,2014/09/23,55,2014,09,23
541,2014/09/24,64,2014,09,24
542,2014/09/25,64,2014,09,25
543,2014/09/26,78,2014,09,26
544,2014/09/27,59,2014,09,27
545,2014/09/28,69,2014,09,28
546,2014/09/29,38,2014,09,29
547,2014/09/30,70,2014,09,30
548,2014/10/01,54,2014,10,01
549,2014/10/02,70,2014,10,02
550,2014/10/03,65,2014,10,03
551,2014/10/04,61,2014,10,04
552,2014/10/05,49,2014,10,05
553,2014/10/06,66,2014,10,06
554,2014/10/07,63,2014,10,07
555,2014/10/08,59,2014,10,08
556,2014/10/09,47,2014,10,09
557,2014/10/10,69,2014,10,10
558,2014/10/11,59,2014,10,11
559,2014/10/12,48,2014,10,12
560,2014/10/13,24,2014,10,13
561,2014/10/14,70,2014,10,14
562,2014/10/15,68,2014,10,15
563,2014/10/16,60,2014,10,16
564,2014/10/17,82,2014,10,17
565,2014/10/18,90,2014,10,18
566,2014/10/19,55,2014,10,19
567,2014/10/20,48,2014,10,20
568,2014/10/21,72,2014,10,21
569,2014/10/22,62,2014,10,22
570,2014/10/23,52,2014,10,23
571,2014/10/24,70,2014,10,24
572,2014/10/25,68,2014,10,25
573,2014/10/26,51,2014,10,26
574,2014/10/27,45,2014,10,27
575,2014/10/28,46,2014,10,28
576,2014/10/29,51,2014,10,29
577,2014/10/30,44,2014,10,30
578,2014/10/31,70,2014,10,31
579,2014/11/01,67,2014,11,01
580,2014/11/02,40,2014,11,02
581,2014/11/03,57,2014,11,03
582,2014/11/04,63,2014,11,04
583,2014/11/05,52,2014,11,05
584,2014/11/06,73,2014,11,06
585,2014/11/07,69,2014,11,07
586,2014/11/08,61,2014,11,08
587,2014/11/09,40,2014,11,09
588,2014/11/10,52,2014,11,10
589,2014/11/11,35,2014,11,11
590,2014/11/12,56,2014,11,12
591,2014/11/13,66,2014,11,13
592,2014/11/14,61,2014,11,14
593,2014/11/15,46,2014,11,15
594,2014/11/16,63,2014,11,16
595,2014/11/17,69,2014,11,17
596,2014/11/18,58,2014,11,18
597,2014/11/19,73,2014,11,19
598,2014/11/20,55,2014,11,20
599,2014/11/21,67,2014,11,21
600,2014/11/22,47,2014,11,22
601,2014/11/23,37,2014,11,23
602,2014/11/24,62,2014,11,24
603,2014/11/25,40,2014,11,25
604,2014/11/26,57,2014,11,26
605,2014/11/27,19,2014,11,27
606,2014/11/28,33,2014,11,28
607,2014/11/29,39,2014,11,29
608,2014/11/30,34,2014,11,30
609,2014/12/01,63,2014,12,01
610,2014/12/02,57,2014,12,02
611,2014/12/03,60,2014,12,03
612,2014/12/04,54,2014,12,04
613,2014/12/05,66,2014,12,05
614,2014/12/06,69,2014,12,06
615,2014/12/07,39,2014,12,07
616,2014/12/08,56,2014,12,08
617,2014/12/09,60,2014,12,09
618,2014/12/10,56,2014,12,10
619,2014/12/11,65,2014,12,11
620,2014/12/12,58,2014,12,12
621,2014/12/13,72,2014,12,13
622,2014/12/14,43,2014,12,14
623,2014/12/15,63,2014,12,15
624,2014/12/16,54,2014,12,16
625,2014/12/17,52,2014,12,17
626,2014/12/18,59,2014,12,18
627,2014/12/19,51,2014,12,19
628,2014/12/20,48,2014,12,20
629,2014/12/21,42,2014,12,21
630,2014/12/22,50,2014,12,22
631,2014/12/23,39,2014,12,23
632,2014/12/24,40,2014,12,24
633,2014/12/25,21,2014,12,25
634,2014/12/26,35,2014,12,26
635,2014/12/27,34,2014,12,27
636,2014/12/28,34,2014,12,28
637,2014/12/29,40,2014,12,29
638,2014/12/30,41,2014,12,30
639,2014/12/31,4,2014,12,31
640,2015/01/01,46,2015,01,01
641,2015/01/02,22,2015,01,02
642,2015/01/03,39,2015,01,03
643,2015/01/04,29,2015,01,04
644,2015/01/05,36,2015,01,05
645,2015/01/06,92,2015,01,06
646,2015/01/07,44,2015,01,07
647,2015/01/08,59,2015,01,08
648,2015/01/09,47,2015,01,09
649,2015/01/10,42,2015,01,10
650,2015/01/11,31,2015,01,11
651,2015/01/12,69,2015,01,12
652,2015/01/13,53,2015,01,13
653,2015/01/14,34,2015,01,14
654,2015/01/15,58,2015,01,15
655,2015/01/16,72,2015,01,16
656,2015/01/17,49,2015,01,17
657,2015/01/18,42,2015,01,18
658,2015/01/19,31,2015,01,19
659,2015/01/20,55,2015,01,20
660,2015/01/21,47,2015,01,21
661,2015/01/22,61,2015,01,22
662,2015/01/23,69,2015,01,23
663,2015/01/24,54,2015,01,24
664,2015/01/25,34,2015,01,25
665,2015/01/26,42,2015,01,26
666,2015/01/27,48,2015,01,27
667,2015/01/28,54,2015,01,28
668,2015/01/29,50,2015,01,29
669,2015/01/30,61,2015,01,30
670,2015/01/31,66,2015,01,31
671,2015/02/01,51,2015,02,01
672,2015/02/02,42,2015,02,02
673,2015/02/03,51,2015,02,03
674,2015/02/04,62,2015,02,04
675,2015/02/05,42,2015,02,05
676,2015/02/06,57,2015,02,06
677,2015/02/07,53,2015,02,07
678,2015/02/08,48,2015,02,08
679,2015/02/09,49,2015,02,09
680,2015/02/10,51,2015,02,10
681,2015/02/11,47,2015,02,11
682,2015/02/12,55,2015,02,12
683,2015/02/13,72,2015,02,13
684,2015/02/14,49,2015,02,14
685,2015/02/15,52,2015,02,15
686,2015/02/16,51,2015,02,16
687,2015/02/17,27,2015,02,17
688,2015/02/18,58,2015,02,18
689,2015/02/19,62,2015,02,19
690,2015/02/20,53,2015,02,20
691,2015/02/21,55,2015,02,21
692,2015/02/22,48,2015,02,22
693,2015/02/23,51,2015,02,23
694,2015/02/24,46,2015,02,24
695,2015/02/25,48,2015,02,25
696,2015/02/26,60,2015,02,26
697,2015/02/27,56,2015,02,27
698,2015/02/28,65,2015,02,28
699,2015/03/01,49,2015,03,01
700,2015/03/02,61,2015,03,02
701,2015/03/03,63,2015,03,03
702,2015/03/04,68,2015,03,04
703,2015/03/05,42,2015,03,05
704,2015/03/06,44,2015,03,06
705,2015/03/07,57,2015,03,07
706,2015/03/08,55,2015,03,08
707,2015/03/09,58,2015,03,09
708,2015/03/10,65,2015,03,10
709,2015/03/11,53,2015,03,11
710,2015/03/12,77,2015,03,12
711,2015/03/13,57,2015,03,13
712,2015/03/14,68,2015,03,14
713,2015/03/15,43,2015,03,15
714,2015/03/16,41,2015,03,16
715,2015/03/17,53,2015,03,17
716,2015/03/18,52,2015,03,18
717,2015/03/19,56,2015,03,19
718,2015/03/20,61,2015,03,20
719,2015/03/21,45,2015,03,21
720,2015/03/22,52,2015,03,22
721,2015/03/23,58,2015,03,23
722,2015/03/24,50,2015,03,24
723,2015/03/25,54,2015,03,25
724,2015/03/26,62,2015,03,26
725,2015/03/27,67,2015,03,27
726,2015/03/28,60,2015,03,28
727,2015/03/29,39,2015,03,29
728,2015/03/30,41,2015,03,30
729,2015/03/31,70,2015,03,31
730,2015/04/01,58,2015,04,01
731,2015/04/02,72,2015,04,02
732,2015/04/03,71,2015,04,03
733,2015/04/04,69,2015,04,04
734,2015/04/05,48,2015,04,05
735,2015/04/06,71,2015,04,06
736,2015/04/07,56,2015,04,07
737,2015/04/08,74,2015,04,08
738,2015/04/09,56,2015,04,09
739,2015/04/10,65,2015,04,10
740,2015/04/11,85,2015,04,11
741,2015/04/12,64,2015,04,12
742,2015/04/13,51,2015,04,13
743,2015/04/14,58,2015,04,14
744,2015/04/15,59,2015,04,15
745,2015/04/16,61,2015,04,16
746,2015/04/17,61,2015,04,17
747,2015/04/18,58,2015,04,18
748,2015/04/19,51,2015,04,19
749,2015/04/20,43,2015,04,20
750,2015/04/21,58,2015,04,21
751,2015/04/22,49,2015,04,22
752,2015/04/23,68,2015,04,23
753,2015/04/24,78,2015,04,24
754,2015/04/25,56,2015,04,25
755,2015/04/26,61,2015,04,26
756,2015/04/27,45,2015,04,27
757,2015/04/28,69,2015,04,28
758,2015/04/29,75,2015,04,29
759,2015/04/30,75,2015,04,30
760,2015/05/01,60,2015,05,01
761,2015/05/02,59,2015,05,02
762,2015/05/03,53,2015,05,03
763,2015/05/04,69,2015,05,04
764,2015/05/05,83,2015,05,05
765,2015/05/06,57,2015,05,06
766,2015/05/07,68,2015,05,07
767,2015/05/08,89,2015,05,08
768,2015/05/09,70,2015,05,09
769,2015/05/10,62,2015,05,10
770,2015/05/11,80,2015,05,11
771,2015/05/12,83,2015,05,12
772,2015/05/13,73,2015,05,13
773,2015/05/14,77,2015,05,14
774,2015/05/15,62,2015,05,15
775,2015/05/16,53,2015,05,16
776,2015/05/17,45,2015,05,17
777,2015/05/18,47,2015,05,18
778,2015/05/19,54,2015,05,19
779,2015/05/20,49,2015,05,20
780,2015/05/21,61,2015,05,21
781,2015/05/22,64,2015,05,22
782,2015/05/23,49,2015,05,23
783,2015/05/24,58,2015,05,24
784,2015/05/25,31,2015,05,25
785,2015/05/26,50,2015,05,26
786,2015/05/27,44,2015,05,27
787,2015/05/28,41,2015,05,28
788,2015/05/29,54,2015,05,29
789,2015/05/30,58,2015,05,30
790,2015/05/31,35,2015,05,31
791,2015/06/01,55,2015,06,01
792,2015/06/02,43,2015,06,02
793,2015/06/03,42,2015,06,03
794,2015/06/04,55,2015,06,04
795,2015/06/05,59,2015,06,05
796,2015/06/06,52,2015,06,06
797,2015/06/07,42,2015,06,07
798,2015/06/08,64,2015,06,08
799,2015/06/09,56,2015,06,09
800,2015/06/10,53,2015,06,10
801,2015/06/11,42,2015,06,11
802,2015/06/12,56,2015,06,12
803,2015/06/13,59,2015,06,13
804,2015/06/14,36,2015,06,14
805,2015/06/15,39,2015,06,15
806,2015/06/16,56,2015,06,16
807,2015/06/17,48,2015,06,17
808,2015/06/18,53,2015,06,18
809,2015/06/19,63,2015,06,19
810,2015/06/20,75,2015,06,20
811,2015/06/21,43,2015,06,21
812,2015/06/22,81,2015,06,22
813,2015/06/23,74,2015,06,23
814,2015/06/24,64,2015,06,24
815,2015/06/25,53,2015,06,25
816,2015/06/26,61,2015,06,26
817,2015/06/27,74,2015,06,27
818,2015/06/28,43,2015,06,28
819,2015/06/29,64,2015,06,29
820,2015/06/30,61,2015,06,30
821,2015/07/01,69,2015,07,01
822,2015/07/02,55,2015,07,02
823,2015/07/03,43,2015,07,03
824,2015/07/04,42,2015,07,04
825,2015/07/05,63,2015,07,05
826,2015/07/06,52,2015,07,06
827,2015/07/07,46,2015,07,07
828,2015/07/08,45,2015,07,08
829,2015/07/09,51,2015,07,09
830,2015/07/10,71,2015,07,10
831,2015/07/11,50,2015,07,11
832,2015/07/12,41,2015,07,12
833,2015/07/13,51,2015,07,13
834,2015/07/14,65,2015,07,14
835,2015/07/15,75,2015,07,15
836,2015/07/16,50,2015,07,16
837,2015/07/17,70,2015,07,17
838,2015/07/18,63,2015,07,18
839,2015/07/19,52,2015,07,19
840,2015/07/20,54,2015,07,20
841,2015/07/21,61,2015,07,21
842,2015/07/22,85,2015,07,22
843,2015/07/23,76,2015,07,23
844,2015/07/24,59,2015,07,24
845,2015/07/25,63,2015,07,25
846,2015/07/26,66,2015,07,26
847,2015/07/27,69,2015,07,27
848,2015/07/28,80,2015,07,28
849,2015/07/29,57,2015,07,29
850,2015/07/30,80,2015,07,30
851,2015/07/31,72,2015,07,31
852,2015/08/01,44,2015,08,01
853,2015/08/02,61,2015,08,02
854,2015/08/03,52,2015,08,03
855,2015/08/04,61,2015,08,04
856,2015/08/05,60,2015,08,05
857,2015/08/06,64,2015,08,06
858,2015/08/07,63,2015,08,07
859,2015/08/08,58,2015,08,08
860,2015/08/09,55,2015,08,09
861,2015/08/10,45,2015,08,10
862,2015/08/11,53,2015,08,11
863,2015/08/12,65,2015,08,12
864,2015/08/13,54,2015,08,13
865,2015/08/14,67,2015,08,14
866,2015/08/15,61,2015,08,15
867,2015/08/16,56,2015,08,16
868,2015/08/17,52,2015,08,17
869,2015/08/18,57,2015,08,18
870,2015/08/19,41,2015,08,19
871,2015/08/20,54,2015,08,20
872,2015/08/21,63,2015,08,21
873,2015/08/22,57,2015,08,22
874,2015/08/23,11,2015,08,23
875,2015/08/24,78,2015,08,24
876,2015/08/25,75,2015,08,25
877,2015/08/26,70,2015,08,26
878,2015/08/27,70,2015,08,27
879,2015/08/28,71,2015,08,28
880,2015/08/29,77,2015,08,29
881,2015/08/30,48,2015,08,30
882,2015/08/31,43,2015,08,31
883,2015/09/01,87,2015,09,01
884,2015/09/02,69,2015,09,02
885,2015/09/03,60,2015,09,03
886,2015/09/04,72,2015,09,04
887,2015/09/05,82,2015,09,05
888,2015/09/06,49,2015,09,06
889,2015/09/07,52,2015,09,07
890,2015/09/08,65,2015,09,08
891,2015/09/09,73,2015,09,09
892,2015/09/10,85,2015,09,10
893,2015/09/11,69,2015,09,11
894,2015/09/12,70,2015,09,12
895,2015/09/13,50,2015,09,13
896,2015/09/14,51,2015,09,14
897,2015/09/15,79,2015,09,15
898,2015/09/16,83,2015,09,16
899,2015/09/17,75,2015,09,17
900,2015/09/18,93,2015,09,18
901,2015/09/19,93,2015,09,19
902,2015/09/20,59,2015,09,20
903,2015/09/21,60,2015,09,21
904,2015/09/22,80,2015,09,22
905,2015/09/23,61,2015,09,23
906,2015/09/24,41,2015,09,24
907,2015/09/25,98,2015,09,25
908,2015/09/26,68,2015,09,26
909,2015/09/27,61,2015,09,27
910,2015/09/28,48,2015,09,28
911,2015/09/29,69,2015,09,29
912,2015/09/30,86,2015,09,30
913,2015/10/01,95,2015,10,01
914,2015/10/02,93,2015,10,02
915,2015/10/03,107,2015,10,03
916,2015/10/04,82,2015,10,04
917,2015/10/05,62,2015,10,05
918,2015/10/06,85,2015,10,06
919,2015/10/07,69,2015,10,07
920,2015/10/08,81,2015,10,08
921,2015/10/09,77,2015,10,09
922,2015/10/10,93,2015,10,10
923,2015/10/11,62,2015,10,11
924,2015/10/12,50,2015,10,12
925,2015/10/13,64,2015,10,13
926,2015/10/14,66,2015,10,14
927,2015/10/15,80,2015,10,15
928,2015/10/16,85,2015,10,16
929,2015/10/17,79,2015,10,17
930,2015/10/18,71,2015,10,18
931,2015/10/19,64,2015,10,19
932,2015/10/20,80,2015,10,20
933,2015/10/21,69,2015,10,21
934,2015/10/22,87,2015,10,22
935,2015/10/23,95,2015,10,23
936,2015/10/24,78,2015,10,24
937,2015/10/25,75,2015,10,25
938,2015/10/26,62,2015,10,26
939,2015/10/27,86,2015,10,27
940,2015/10/28,81,2015,10,28
941,2015/10/29,92,2015,10,29
942,2015/10/30,86,2015,10,30
943,2015/10/31,80,2015,10,31
944,2015/11/01,74,2015,11,01
945,2015/11/02,63,2015,11,02
946,2015/11/03,55,2015,11,03
947,2015/11/04,71,2015,11,04
948,2015/11/05,92,2015,11,05
949,2015/11/06,80,2015,11,06
950,2015/11/07,82,2015,11,07
951,2015/11/08,63,2015,11,08
952,2015/11/09,60,2015,11,09
953,2015/11/10,81,2015,11,10
954,2015/11/11,51,2015,11,11
955,2015/11/12,72,2015,11,12
956,2015/11/13,82,2015,11,13
957,2015/11/14,83,2015,11,14
958,2015/11/15,56,2015,11,15
959,2015/11/16,63,2015,11,16
960,2015/11/17,73,2015,11,17
961,2015/11/18,68,2015,11,18
962,2015/11/19,73,2015,11,19
963,2015/11/20,102,2015,11,20
964,2015/11/21,99,2015,11,21
965,2015/11/22,70,2015,11,22
966,2015/11/23,66,2015,11,23
967,2015/11/24,77,2015,11,24
968,2015/11/25,82,2015,11,25
969,2015/11/26,47,2015,11,26
970,2015/11/27,31,2015,11,27
971,2015/11/28,52,2015,11,28
972,2015/11/29,58,2015,11,29
973,2015/11/30,62,2015,11,30
974,2015/12/01,81,2015,12,01
975,2015/12/02,77,2015,12,02
976,2015/12/03,62,2015,12,03
977,2015/12/04,98,2015,12,04
978,2015/12/05,67,2015,12,05
979,2015/12/06,63,2015,12,06
980,2015/12/07,70,2015,12,07
981,2015/12/08,63,2015,12,08
982,2015/12/09,65,2015,12,09
983,2015/12/10,72,2015,12,10
984,2015/12/11,85,2015,12,11
985,2015/12/12,84,2015,12,12
986,2015/12/13,59,2015,12,13
987,2015/12/14,61,2015,12,14
988,2015/12/15,78,2015,12,15
989,2015/12/16,74,2015,12,16
990,2015/12/17,83,2015,12,17
991,2015/12/18,56,2015,12,18
992,2015/12/19,76,2015,12,19
993,2015/12/20,66,2015,12,20
994,2015/12/21,54,2015,12,21
995,2015/12/22,68,2015,12,22
996,2015/12/23,60,2015,12,23
997,2015/12/24,51,2015,12,24
998,2015/12/25,39,2015,12,25
999,2015/12/26,33,2015,12,26
1000,2015/12/27,35,2015,12,27
1001,2015/12/28,44,2015,12,28
1002,2015/12/29,50,2015,12,29
1003,2015/12/30,46,2015,12,30
1004,2015/12/31,51,2015,12,31
1005,2016/01/01,61,2016,01,01
1006,2016/01/02,38,2016,01,02
1007,2016/01/03,42,2016,01,03
1008,2016/01/04,51,2016,01,04
1009,2016/01/05,64,2016,01,05
1010,2016/01/06,67,2016,01,06
1011,2016/01/07,51,2016,01,07
1012,2016/01/08,69,2016,01,08
1013,2016/01/09,61,2016,01,09
1014,2016/01/10,64,2016,01,10
1015,2016/01/11,52,2016,01,11
1016,2016/01/12,72,2016,01,12
1017,2016/01/13,70,2016,01,13
1018,2016/01/14,82,2016,01,14
1019,2016/01/15,58,2016,01,15
1020,2016/01/16,77,2016,01,16
1021,2016/01/17,49,2016,01,17
1022,2016/01/18,37,2016,01,18
1023,2016/01/19,50,2016,01,19
1024,2016/01/20,61,2016,01,20
1025,2016/01/21,154,2016,01,21
1026,2016/01/22,47,2016,01,22
1027,2016/01/23,9,2016,01,23
1028,2016/01/24,18,2016,01,24
1029,2016/01/25,40,2016,01,25
1030,2016/01/26,50,2016,01,26
1031,2016/01/27,59,2016,01,27
1032,2016/01/28,100,2016,01,28
1033,2016/01/29,87,2016,01,29
1034,2016/01/30,89,2016,01,30
1035,2016/01/31,58,2016,01,31
1036,2016/02/01,60,2016,02,01
1037,2016/02/02,75,2016,02,02
1038,2016/02/03,51,2016,02,03
1039,2016/02/04,64,2016,02,04
1040,2016/02/05,82,2016,02,05
1041,2016/02/06,63,2016,02,06
1042,2016/02/07,64,2016,02,07
1043,2016/02/08,35,2016,02,08
1044,2016/02/09,55,2016,02,09
1045,2016/02/10,62,2016,02,10
1046,2016/02/11,80,2016,02,11
1047,2016/02/12,74,2016,02,12
1048,2016/02/13,66,2016,02,13
1049,2016/02/14,60,2016,02,14
1050,2016/02/15,53,2016,02,15
1051,2016/02/16,58,2016,02,16
1052,2016/02/17,70,2016,02,17
1053,2016/02/18,61,2016,02,18
1054,2016/02/19,60,2016,02,19
1055,2016/02/20,54,2016,02,20
1056,2016/02/21,76,2016,02,21
1057,2016/02/22,53,2016,02,22
1058,2016/02/23,76,2016,02,23
1059,2016/02/24,62,2016,02,24
1060,2016/02/25,62,2016,02,25
1061,2016/02/26,60,2016,02,26
1062,2016/02/27,60,2016,02,27
1063,2016/02/28,58,2016,02,28
1064,2016/02/29,51,2016,02,29
1065,2016/03/01,75,2016,03,01
1066,2016/03/02,79,2016,03,02
1067,2016/03/03,68,2016,03,03
1068,2016/03/04,77,2016,03,04
1069,2016/03/05,64,2016,03,05
1070,2016/03/06,58,2016,03,06
1071,2016/03/07,76,2016,03,07
1072,2016/03/08,64,2016,03,08
1073,2016/03/09,65,2016,03,09
1074,2016/03/10,80,2016,03,10
1075,2016/03/11,73,2016,03,11
1076,2016/03/12,93,2016,03,12
1077,2016/03/13,64,2016,03,13
1078,2016/03/14,64,2016,03,14
1079,2016/03/15,60,2016,03,15
1080,2016/03/16,87,2016,03,16
1081,2016/03/17,91,2016,03,17
1082,2016/03/18,83,2016,03,18
1083,2016/03/19,82,2016,03,19
1084,2016/03/20,69,2016,03,20
1085,2016/03/21,64,2016,03,21
1086,2016/03/22,75,2016,03,22
1087,2016/03/23,71,2016,03,23
1088,2016/03/24,100,2016,03,24
1089,2016/03/25,100,2016,03,25
1090,2016/03/26,78,2016,03,26
1091,2016/03/27,63,2016,03,27
1092,2016/03/28,68,2016,03,28
1093,2016/03/29,48,2016,03,29
1094,2016/03/30,62,2016,03,30
1095,2016/03/31,66,2016,03,31
1096,2016/04/01,85,2016,04,01
1097,2016/04/02,100,2016,04,02
1098,2016/04/03,62,2016,04,03
1099,2016/04/04,59,2016,04,04
1100,2016/04/05,75,2016,04,05
1101,2016/04/06,79,2016,04,06
1102,2016/04/07,80,2016,04,07
1103,2016/04/08,74,2016,04,08
1104,2016/04/09,72,2016,04,09
1105,2016/04/10,64,2016,04,10
1106,2016/04/11,59,2016,04,11
1107,2016/04/12,83,2016,04,12
1108,2016/04/13,78,2016,04,13
1109,2016/04/14,80,2016,04,14
1110,2016/04/15,97,2016,04,15
1111,2016/04/16,78,2016,04,16
1112,2016/04/17,72,2016,04,17
1113,2016/04/18,83,2016,04,18
1114,2016/04/19,76,2016,04,19
1115,2016/04/20,72,2016,04,20
1116,2016/04/21,82,2016,04,21
1117,2016/04/22,77,2016,04,22
1118,2016/04/23,90,2016,04,23
1119,2016/04/24,75,2016,04,24
1120,2016/04/25,55,2016,04,25
1121,2016/04/26,63,2016,04,26
1122,2016/04/27,77,2016,04,27
1123,2016/04/28,65,2016,04,28
1124,2016/04/29,80,2016,04,29
1125,2016/04/30,95,2016,04,30
1126,2016/05/01,77,2016,05,01
1127,2016/05/02,65,2016,05,02
1128,2016/05/03,96,2016,05,03
1129,2016/05/04,79,2016,05,04
1130,2016/05/05,64,2016,05,05
1131,2016/05/06,93,2016,05,06
1132,2016/05/07,90,2016,05,07
1133,2016/05/08,61,2016,05,08
1134,2016/05/09,83,2016,05,09
1135,2016/05/10,59,2016,05,10
1136,2016/05/11,83,2016,05,11
1137,2016/05/12,76,2016,05,12
1138,2016/05/13,87,2016,05,13
1139,2016/05/14,83,2016,05,14
1140,2016/05/15,53,2016,05,15
1141,2016/05/16,62,2016,05,16
1142,2016/05/17,77,2016,05,17
1143,2016/05/18,83,2016,05,18
1144,2016/05/19,83,2016,05,19
1145,2016/05/20,80,2016,05,20
1146,2016/05/21,92,2016,05,21
1147,2016/05/22,83,2016,05,22
1148,2016/05/23,72,2016,05,23
1149,2016/05/24,76,2016,05,24
1150,2016/05/25,68,2016,05,25
1151,2016/05/26,87,2016,05,26
1152,2016/05/27,86,2016,05,27
1153,2016/05/28,85,2016,05,28
1154,2016/05/29,79,2016,05,29
1155,2016/05/30,51,2016,05,30
1156,2016/05/31,68,2016,05,31
1157,2016/06/01,73,2016,06,01
1158,2016/06/02,93,2016,06,02
1159,2016/06/03,82,2016,06,03
1160,2016/06/04,65,2016,06,04
1161,2016/06/05,55,2016,06,05
1162,2016/06/06,65,2016,06,06
1163,2016/06/07,91,2016,06,07
1164,2016/06/08,71,2016,06,08
1165,2016/06/09,109,2016,06,09
1166,2016/06/10,104,2016,06,10
1167,2016/06/11,87,2016,06,11
1168,2016/06/12,62,2016,06,12
1169,2016/06/13,74,2016,06,13
1170,2016/06/14,84,2016,06,14
1171,2016/06/15,80,2016,06,15
1172,2016/06/16,65,2016,06,16
1173,2016/06/17,71,2016,06,17
1174,2016/06/18,93,2016,06,18
1175,2016/06/19,76,2016,06,19
1176,2016/06/20,77,2016,06,20
1177,2016/06/21,79,2016,06,21
1178,2016/06/22,91,2016,06,22
1179,2016/06/23,73,2016,06,23
1180,2016/06/24,85,2016,06,24
1181,2016/06/25,92,2016,06,25
1182,2016/06/26,68,2016,06,26
1183,2016/06/27,85,2016,06,27
1184,2016/06/28,91,2016,06,28
1185,2016/06/29,100,2016,06,29
1186,2016/06/30,91,2016,06,30
1187,2016/07/01,88,2016,07,01
1188,2016/07/02,62,2016,07,02
1189,2016/07/03,60,2016,07,03
1190,2016/07/04,48,2016,07,04
1191,2016/07/05,76,2016,07,05
1192,2016/07/06,58,2016,07,06
1193,2016/07/07,83,2016,07,07
1194,2016/07/08,82,2016,07,08
1195,2016/07/09,66,2016,07,09
1196,2016/07/10,74,2016,07,10
1197,2016/07/11,63,2016,07,11
1198,2016/07/12,79,2016,07,12
1199,2016/07/13,69,2016,07,13
1200,2016/07/14,87,2016,07,14
1201,2016/07/15,95,2016,07,15
1202,2016/07/16,82,2016,07,16
1203,2016/07/17,55,2016,07,17
1204,2016/07/18,73,2016,07,18
1205,2016/07/19,81,2016,07,19
1206,2016/07/20,88,2016,07,20
1207,2016/07/21,86,2016,07,21
1208,2016/07/22,74,2016,07,22
1209,2016/07/23,72,2016,07,23
1210,2016/07/24,48,2016,07,24
1211,2016/07/25,86,2016,07,25
1212,2016/07/26,72,2016,07,26
1213,2016/07/27,70,2016,07,27
1214,2016/07/28,98,2016,07,28
1215,2016/07/29,81,2016,07,29
1216,2016/07/30,76,2016,07,30
1217,2016/07/31,54,2016,07,31
1218,2016/08/01,65,2016,08,01
1219,2016/08/02,64,2016,08,02
1220,2016/08/03,71,2016,08,03
1221,2016/08/04,74,2016,08,04
1222,2016/08/05,78,2016,08,05
1223,2016/08/06,90,2016,08,06
1224,2016/08/07,49,2016,08,07
1225,2016/08/08,60,2016,08,08
1226,2016/08/09,72,2016,08,09
1227,2016/08/10,72,2016,08,10
1228,2016/08/11,75,2016,08,11
1229,2016/08/12,82,2016,08,12
1230,2016/08/13,71,2016,08,13
1231,2016/08/14,54,2016,08,14
1232,2016/08/15,58,2016,08,15
1233,2016/08/16,75,2016,08,16
1234,2016/08/17,71,2016,08,17
1235,2016/08/18,80,2016,08,18
1236,2016/08/19,66,2016,08,19
1237,2016/08/20,84,2016,08,20
1238,2016/08/21,54,2016,08,21
1239,2016/08/22,64,2016,08,22
1240,2016/08/23,69,2016,08,23
1241,2016/08/24,67,2016,08,24
1242,2016/08/25,92,2016,08,25
1243,2016/08/26,92,2016,08,26
1244,2016/08/27,62,2016,08,27
1245,2016/08/28,56,2016,08,28
1246,2016/08/29,77,2016,08,29
1247,2016/08/30,78,2016,08,30
1248,2016/08/31,61,2016,08,31
1249,2016/09/01,91,2016,09,01
1250,2016/09/02,59,2016,09,02
1251,2016/09/03,51,2016,09,03
1252,2016/09/04,60,2016,09,04
1253,2016/09/05,50,2016,09,05
1254,2016/09/06,66,2016,09,06
1255,2016/09/07,84,2016,09,07
1256,2016/09/08,84,2016,09,08
1257,2016/09/09,103,2016,09,09
1258,2016/09/10,87,2016,09,10
1259,2016/09/11,70,2016,09,11
1260,2016/09/12,64,2016,09,12
1261,2016/09/13,88,2016,09,13
1262,2016/09/14,97,2016,09,14
1263,2016/09/15,98,2016,09,15
1264,2016/09/16,94,2016,09,16
1265,2016/09/17,76,2016,09,17
1266,2016/09/18,65,2016,09,18
1267,2016/09/19,79,2016,09,19
1268,2016/09/20,78,2016,09,20
1269,2016/09/21,63,2016,09,21
1270,2016/09/22,87,2016,09,22
1271,2016/09/23,98,2016,09,23
1272,2016/09/24,74,2016,09,24
1273,2016/09/25,78,2016,09,25
1274,2016/09/26,79,2016,09,26
1275,2016/09/27,81,2016,09,27
1276,2016/09/28,68,2016,09,28
1277,2016/09/29,82,2016,09,29
1278,2016/09/30,85,2016,09,30
1279,2016/10/01,94,2016,10,01
1280,2016/10/02,60,2016,10,02
1281,2016/10/03,63,2016,10,03
1282,2016/10/04,72,2016,10,04
1283,2016/10/05,87,2016,10,05
1284,2016/10/06,74,2016,10,06
1285,2016/10/07,86,2016,10,07
1286,2016/10/08,61,2016,10,08
1287,2016/10/09,58,2016,10,09
1288,2016/10/10,51,2016,10,10
1289,2016/10/11,66,2016,10,11
1290,2016/10/12,90,2016,10,12
1291,2016/10/13,85,2016,10,13
1292,2016/10/14,106,2016,10,14
1293,2016/10/15,91,2016,10,15
1294,2016/10/16,52,2016,10,16
1295,2016/10/17,55,2016,10,17
1296,2016/10/18,81,2016,10,18
1297,2016/10/19,84,2016,10,19
1298,2016/10/20,77,2016,10,20
1299,2016/10/21,101,2016,10,21
1300,2016/10/22,86,2016,10,22
1301,2016/10/23,67,2016,10,23
1302,2016/10/24,80,2016,10,24
1303,2016/10/25,94,2016,10,25
1304,2016/10/26,81,2016,10,26
1305,2016/10/27,99,2016,10,27
1306,2016/10/28,81,2016,10,28
1307,2016/10/29,84,2016,10,29
1308,2016/10/30,87,2016,10,30
1309,2016/10/31,77,2016,10,31
1310,2016/11/01,87,2016,11,01
1311,2016/11/02,71,2016,11,02
1312,2016/11/03,96,2016,11,03
1313,2016/11/04,77,2016,11,04
1314,2016/11/05,85,2016,11,05
1315,2016/11/06,69,2016,11,06
1316,2016/11/07,73,2016,11,07
1317,2016/11/08,99,2016,11,08
1318,2016/11/09,79,2016,11,09
1319,2016/11/10,91,2016,11,10
1320,2016/11/11,74,2016,11,11
1321,2016/11/12,53,2016,11,12
1322,2016/11/13,62,2016,11,13
1323,2016/11/14,72,2016,11,14
1324,2016/11/15,80,2016,11,15
1325,2016/11/16,86,2016,11,16
1326,2016/11/17,84,2016,11,17
1327,2016/11/18,77,2016,11,18
1328,2016/11/19,88,2016,11,19
1329,2016/11/20,60,2016,11,20
1330,2016/11/21,57,2016,11,21
1331,2016/11/22,85,2016,11,22
1332,2016/11/23,74,2016,11,23
1333,2016/11/24,51,2016,11,24
1334,2016/11/25,34,2016,11,25
1335,2016/11/26,51,2016,11,26
1336,2016/11/27,51,2016,11,27
1337,2016/11/28,55,2016,11,28
1338,2016/11/29,89,2016,11,29
1339,2016/11/30,89,2016,11,30
1340,2016/12/01,98,2016,12,01
1341,2016/12/02,74,2016,12,02
1342,2016/12/03,64,2016,12,03
1343,2016/12/04,63,2016,12,04
1344,2016/12/05,72,2016,12,05
1345,2016/12/06,76,2016,12,06
1346,2016/12/07,90,2016,12,07
1347,2016/12/08,89,2016,12,08
1348,2016/12/09,93,2016,12,09
1349,2016/12/10,70,2016,12,10
1350,2016/12/11,38,2016,12,11
1351,2016/12/12,46,2016,12,12
1352,2016/12/13,76,2016,12,13
1353,2016/12/14,78,2016,12,14
1354,2016/12/15,86,2016,12,15
1355,2016/12/16,81,2016,12,16
1356,2016/12/17,77,2016,12,17
1357,2016/12/18,62,2016,12,18
1358,2016/12/19,64,2016,12,19
1359,2016/12/20,60,2016,12,20
1360,2016/12/21,75,2016,12,21
1361,2016/12/22,65,2016,12,22
1362,2016/12/23,65,2016,12,23
1363,2016/12/24,65,2016,12,24
1364,2016/12/25,40,2016,12,25
1365,2016/12/26,27,2016,12,26
1366,2016/12/27,42,2016,12,27
1367,2016/12/28,54,2016,12,28
1368,2016/12/29,66,2016,12,29
1369,2016/12/30,68,2016,12,30
1370,2016/12/31,43,2016,12,31
1371,2017/01/01,64,2017,01,01
1372,2017/01/02,51,2017,01,02
1373,2017/01/03,68,2017,01,03
1374,2017/01/04,73,2017,01,04
1375,2017/01/05,59,2017,01,05
1376,2017/01/06,65,2017,01,06
1377,2017/01/07,79,2017,01,07
1378,2017/01/08,44,2017,01,08
1379,2017/01/09,54,2017,01,09
1380,2017/01/10,74,2017,01,10
1381,2017/01/11,67,2017,01,11
1382,2017/01/12,92,2017,01,12
1383,2017/01/13,92,2017,01,13
1384,2017/01/14,76,2017,01,14
1385,2017/01/15,69,2017,01,15
1386,2017/01/16,45,2017,01,16
1387,2017/01/17,74,2017,01,17
1388,2017/01/18,76,2017,01,18
1389,2017/01/19,56,2017,01,19
1390,2017/01/20,60,2017,01,20
1391,2017/01/21,62,2017,01,21
1392,2017/01/22,84,2017,01,22
1393,2017/01/23,75,2017,01,23
1394,2017/01/24,81,2017,01,24
1395,2017/01/25,75,2017,01,25
1396,2017/01/26,67,2017,01,26
1397,2017/01/27,74,2017,01,27
1398,2017/01/28,62,2017,01,28
1399,2017/01/29,64,2017,01,29
1400,2017/01/30,63,2017,01,30
1401,2017/01/31,68,2017,01,31
1402,2017/02/01,68,2017,02,01
1403,2017/02/02,84,2017,02,02
1404,2017/02/03,62,2017,02,03
1405,2017/02/04,66,2017,02,04
1406,2017/02/05,54,2017,02,05
1407,2017/02/06,60,2017,02,06
1408,2017/02/07,55,2017,02,07
1409,2017/02/08,86,2017,02,08
1410,2017/02/09,68,2017,02,09
1411,2017/02/10,67,2017,02,10
1412,2017/02/11,56,2017,02,11
1413,2017/02/12,58,2017,02,12
1414,2017/02/13,66,2017,02,13
1415,2017/02/14,60,2017,02,14
1416,2017/02/15,68,2017,02,15
1417,2017/02/16,64,2017,02,16
1418,2017/02/17,64,2017,02,17
1419,2017/02/18,70,2017,02,18
1420,2017/02/19,62,2017,02,19
1421,2017/02/20,48,2017,02,20
1422,2017/02/21,61,2017,02,21
1423,2017/02/22,77,2017,02,22
1424,2017/02/23,79,2017,02,23
1425,2017/02/24,76,2017,02,24
1426,2017/02/25,80,2017,02,25
1427,2017/02/26,61,2017,02,26
1428,2017/02/27,52,2017,02,27
1429,2017/02/28,64,2017,02,28
1430,2017/03/01,90,2017,03,01
1431,2017/03/02,96,2017,03,02
1432,2017/03/03,70,2017,03,03
1433,2017/03/04,72,2017,03,04
1434,2017/03/05,66,2017,03,05
1435,2017/03/06,64,2017,03,06
1436,2017/03/07,73,2017,03,07
1437,2017/03/08,98,2017,03,08
1438,2017/03/09,81,2017,03,09
1439,2017/03/10,83,2017,03,10
1440,2017/03/11,95,2017,03,11
1441,2017/03/12,48,2017,03,12
1442,2017/03/13,67,2017,03,13
1443,2017/03/14,51,2017,03,14
1444,2017/03/15,59,2017,03,15
1445,2017/03/16,85,2017,03,16
1446,2017/03/17,87,2017,03,17
1447,2017/03/18,87,2017,03,18
1448,2017/03/19,66,2017,03,19
1449,2017/03/20,58,2017,03,20
1450,2017/03/21,67,2017,03,21
1451,2017/03/22,76,2017,03,22
1452,2017/03/23,99,2017,03,23
1453,2017/03/24,68,2017,03,24
1454,2017/03/25,66,2017,03,25
1455,2017/03/26,53,2017,03,26
1456,2017/03/27,77,2017,03,27
1457,2017/03/28,102,2017,03,28
1458,2017/03/29,84,2017,03,29
1459,2017/03/30,92,2017,03,30
1460,2017/03/31,74,2017,03,31
1461,2017/04/01,56,2017,04,01
1462,2017/04/02,72,2017,04,02
1463,2017/04/03,68,2017,04,03
1464,2017/04/04,78,2017,04,04
1465,2017/04/05,93,2017,04,05
1466,2017/04/06,83,2017,04,06
1467,2017/04/07,81,2017,04,07
1468,2017/04/08,84,2017,04,08
1469,2017/04/09,59,2017,04,09
1470,2017/04/10,78,2017,04,10
1471,2017/04/11,85,2017,04,11
1472,2017/04/12,85,2017,04,12
1473,2017/04/13,88,2017,04,13
1474,2017/04/14,72,2017,04,14
1475,2017/04/15,85,2017,04,15
1476,2017/04/16,74,2017,04,16
1477,2017/04/17,63,2017,04,17
1478,2017/04/18,76,2017,04,18
1479,2017/04/19,67,2017,04,19
1480,2017/04/20,85,2017,04,20
1481,2017/04/21,84,2017,04,21
1482,2017/04/22,70,2017,04,22
1483,2017/04/23,59,2017,04,23
1484,2017/04/24,64,2017,04,24
1485,2017/04/25,76,2017,04,25
1486,2017/04/26,92,2017,04,26
1487,2017/04/27,87,2017,04,27
1488,2017/04/28,99,2017,04,28
1489,2017/04/29,107,2017,04,29
1490,2017/04/30,71,2017,04,30
1491,2017/05/01,88,2017,05,01
1492,2017/05/02,69,2017,05,02
1493,2017/05/03,93,2017,05,03
1494,2017/05/04,99,2017,05,04
1495,2017/05/05,99,2017,05,05
1496,2017/05/06,87,2017,05,06
1497,2017/05/07,62,2017,05,07
1498,2017/05/08,83,2017,05,08
1499,2017/05/09,87,2017,05,09
1500,2017/05/10,85,2017,05,10
1501,2017/05/11,85,2017,05,11
1502,2017/05/12,81,2017,05,12
1503,2017/05/13,85,2017,05,13
1504,2017/05/14,92,2017,05,14
1505,2017/05/15,72,2017,05,15
1506,2017/05/16,81,2017,05,16
1507,2017/05/17,103,2017,05,17
1508,2017/05/18,101,2017,05,18
1509,2017/05/19,82,2017,05,19
1510,2017/05/20,80,2017,05,20
1511,2017/05/21,55,2017,05,21
1512,2017/05/22,51,2017,05,22
1513,2017/05/23,70,2017,05,23
1514,2017/05/24,68,2017,05,24
1515,2017/05/25,79,2017,05,25
1516,2017/05/26,90,2017,05,26
1517,2017/05/27,63,2017,05,27
1518,2017/05/28,77,2017,05,28
1519,2017/05/29,42,2017,05,29
1520,2017/05/30,69,2017,05,30
1521,2017/05/31,83,2017,05,31
1522,2017/06/01,87,2017,06,01
1523,2017/06/02,85,2017,06,02
1524,2017/06/03,86,2017,06,03
1525,2017/06/04,65,2017,06,04
1526,2017/06/05,74,2017,06,05
1527,2017/06/06,74,2017,06,06
1528,2017/06/07,85,2017,06,07
1529,2017/06/08,77,2017,06,08
1530,2017/06/09,95,2017,06,09
1531,2017/06/10,88,2017,06,10
1532,2017/06/11,66,2017,06,11
1533,2017/06/12,69,2017,06,12
1534,2017/06/13,73,2017,06,13
1535,2017/06/14,85,2017,06,14
1536,2017/06/15,85,2017,06,15
1537,2017/06/16,81,2017,06,16
1538,2017/06/17,74,2017,06,17
1539,2017/06/18,47,2017,06,18
1540,2017/06/19,65,2017,06,19
1541,2017/06/20,61,2017,06,20
1542,2017/06/21,72,2017,06,21
1543,2017/06/22,85,2017,06,22
1544,2017/06/23,71,2017,06,23
1545,2017/06/24,81,2017,06,24
1546,2017/06/25,77,2017,06,25
1547,2017/06/26,89,2017,06,26
1548,2017/06/27,77,2017,06,27
1549,2017/06/28,83,2017,06,28
1550,2017/06/29,69,2017,06,29
1551,2017/06/30,68,2017,06,30
1552,2017/07/01,79,2017,07,01
1553,2017/07/02,63,2017,07,02
1554,2017/07/03,67,2017,07,03
1555,2017/07/04,54,2017,07,04
1556,2017/07/05,91,2017,07,05
1557,2017/07/06,82,2017,07,06
1558,2017/07/07,83,2017,07,07
1559,2017/07/08,65,2017,07,08
1560,2017/07/09,43,2017,07,09
1561,2017/07/10,68,2017,07,10
1562,2017/07/11,90,2017,07,11
1563,2017/07/12,78,2017,07,12
1564,2017/07/13,97,2017,07,13
1565,2017/07/14,87,2017,07,14
1566,2017/07/15,80,2017,07,15
1567,2017/07/16,66,2017,07,16
1568,2017/07/17,57,2017,07,17
1569,2017/07/18,83,2017,07,18
1570,2017/07/19,78,2017,07,19
1571,2017/07/20,70,2017,07,20
1572,2017/07/21,72,2017,07,21
1573,2017/07/22,78,2017,07,22
1574,2017/07/23,70,2017,07,23
1575,2017/07/24,60,2017,07,24
1576,2017/07/25,78,2017,07,25
1577,2017/07/26,66,2017,07,26
1578,2017/07/27,68,2017,07,27
1579,2017/07/28,73,2017,07,28
1580,2017/07/29,69,2017,07,29
1581,2017/07/30,62,2017,07,30
1582,2017/07/31,69,2017,07,31
1583,2017/08/01,72,2017,08,01
1584,2017/08/02,79,2017,08,02
1585,2017/08/03,66,2017,08,03
1586,2017/08/04,72,2017,08,04
1587,2017/08/05,66,2017,08,05
1588,2017/08/06,77,2017,08,06
1589,2017/08/07,54,2017,08,07
1590,2017/08/08,63,2017,08,08
1591,2017/08/09,68,2017,08,09
1592,2017/08/10,75,2017,08,10
1593,2017/08/11,77,2017,08,11
1594,2017/08/12,69,2017,08,12
1595,2017/08/13,50,2017,08,13
1596,2017/08/14,59,2017,08,14
1597,2017/08/15,59,2017,08,15
1598,2017/08/16,81,2017,08,16
1599,2017/08/17,62,2017,08,17
1600,2017/08/18,74,2017,08,18
1601,2017/08/19,76,2017,08,19
1602,2017/08/20,63,2017,08,20
1603,2017/08/21,43,2017,08,21
1604,2017/08/22,68,2017,08,22
1605,2017/08/23,79,2017,08,23
1606,2017/08/24,68,2017,08,24
1607,2017/08/25,68,2017,08,25
1608,2017/08/26,82,2017,08,26
1609,2017/08/27,54,2017,08,27
1610,2017/08/28,57,2017,08,28
1611,2017/08/29,67,2017,08,29
1612,2017/08/30,70,2017,08,30
1613,2017/08/31,77,2017,08,31
1614,2017/09/01,66,2017,09,01
1615,2017/09/02,77,2017,09,02
1616,2017/09/03,52,2017,09,03
1617,2017/09/04,65,2017,09,04
1618,2017/09/05,78,2017,09,05
1619,2017/09/06,60,2017,09,06
1620,2017/09/07,90,2017,09,07
1621,2017/09/08,83,2017,09,08
1622,2017/09/09,81,2017,09,09
1623,2017/09/10,61,2017,09,10
1624,2017/09/11,57,2017,09,11
1625,2017/09/12,86,2017,09,12
1626,2017/09/13,94,2017,09,13
1627,2017/09/14,82,2017,09,14
1628,2017/09/15,86,2017,09,15
1629,2017/09/16,87,2017,09,16
1630,2017/09/17,62,2017,09,17
1631,2017/09/18,83,2017,09,18
1632,2017/09/19,80,2017,09,19
1633,2017/09/20,74,2017,09,20
1634,2017/09/21,81,2017,09,21
1635,2017/09/22,84,2017,09,22
1636,2017/09/23,69,2017,09,23
1637,2017/09/24,67,2017,09,24
1638,2017/09/25,72,2017,09,25
1639,2017/09/26,69,2017,09,26
1640,2017/09/27,86,2017,09,27
1641,2017/09/28,71,2017,09,28
1642,2017/09/29,85,2017,09,29
1643,2017/09/30,79,2017,09,30
1644,2017/10/01,58,2017,10,01
1645,2017/10/02,57,2017,10,02
1646,2017/10/03,67,2017,10,03
1647,2017/10/04,83,2017,10,04
1648,2017/10/05,89,2017,10,05
1649,2017/10/06,71,2017,10,06
1650,2017/10/07,94,2017,10,07
1651,2017/10/08,66,2017,10,08
1652,2017/10/09,53,2017,10,09
1653,2017/10/10,66,2017,10,10
1654,2017/10/11,79,2017,10,11
1655,2017/10/12,76,2017,10,12
1656,2017/10/13,79,2017,10,13
1657,2017/10/14,77,2017,10,14
1658,2017/10/15,73,2017,10,15
1659,2017/10/16,64,2017,10,16
1660,2017/10/17,57,2017,10,17
1661,2017/10/18,92,2017,10,18
1662,2017/10/19,78,2017,10,19
1663,2017/10/20,85,2017,10,20
1664,2017/10/21,81,2017,10,21
1665,2017/10/22,64,2017,10,22
1666,2017/10/23,72,2017,10,23
1667,2017/10/24,73,2017,10,24
1668,2017/10/25,59,2017,10,25
1669,2017/10/26,69,2017,10,26
1670,2017/10/27,79,2017,10,27
1671,2017/10/28,93,2017,10,28
1672,2017/10/29,73,2017,10,29
1673,2017/10/30,77,2017,10,30
1674,2017/10/31,66,2017,10,31
1675,2017/11/01,78,2017,11,01
1676,2017/11/02,73,2017,11,02
1677,2017/11/03,77,2017,11,03
1678,2017/11/04,90,2017,11,04
1679,2017/11/05,83,2017,11,05
1680,2017/11/06,82,2017,11,06
1681,2017/11/07,94,2017,11,07
1682,2017/11/08,96,2017,11,08
1683,2017/11/09,72,2017,11,09
1684,2017/11/10,78,2017,11,10
1685,2017/11/11,61,2017,11,11
1686,2017/11/12,50,2017,11,12
1687,2017/11/13,62,2017,11,13
1688,2017/11/14,64,2017,11,14
1689,2017/11/15,67,2017,11,15
1690,2017/11/16,84,2017,11,16
1691,2017/11/17,90,2017,11,17
1692,2017/11/18,82,2017,11,18
1693,2017/11/19,67,2017,11,19
1694,2017/11/20,72,2017,11,20
1695,2017/11/21,74,2017,11,21
1696,2017/11/22,82,2017,11,22
1697,2017/11/23,59,2017,11,23
1698,2017/11/24,44,2017,11,24
1699,2017/11/25,44,2017,11,25
1700,2017/11/26,45,2017,11,26
1701,2017/11/27,48,2017,11,27
1702,2017/11/28,48,2017,11,28
1703,2017/11/29,73,2017,11,29
1704,2017/11/30,88,2017,11,30
1705,2017/12/01,74,2017,12,01
1706,2017/12/02,76,2017,12,02
1707,2017/12/03,75,2017,12,03
1708,2017/12/04,72,2017,12,04
1709,2017/12/05,64,2017,12,05
1710,2017/12/06,95,2017,12,06
1711,2017/12/07,71,2017,12,07
1712,2017/12/08,72,2017,12,08
1713,2017/12/09,65,2017,12,09
1714,2017/12/10,58,2017,12,10
1715,2017/12/11,55,2017,12,11
1716,2017/12/12,71,2017,12,12
1717,2017/12/13,71,2017,12,13
1718,2017/12/14,82,2017,12,14
1719,2017/12/15,84,2017,12,15
1720,2017/12/16,83,2017,12,16
1721,2017/12/17,71,2017,12,17
1722,2017/12/18,65,2017,12,18
1723,2017/12/19,74,2017,12,19
1724,2017/12/20,57,2017,12,20
1725,2017/12/21,79,2017,12,21
1726,2017/12/22,92,2017,12,22
1727,2017/12/23,61,2017,12,23
1728,2017/12/24,46,2017,12,24
1729,2017/12/25,27,2017,12,25
1730,2017/12/26,37,2017,12,26
1731,2017/12/27,52,2017,12,27
1732,2017/12/28,41,2017,12,28
1733,2017/12/29,66,2017,12,29
1734,2017/12/30,75,2017,12,30
1735,2017/12/31,61,2017,12,31
1736,2018/01/01,53,2018,01,01
1737,2018/01/02,57,2018,01,02
1738,2018/01/03,74,2018,01,03
1739,2018/01/04,57,2018,01,04
1740,2018/01/05,59,2018,01,05
1741,2018/01/06,67,2018,01,06
1742,2018/01/07,43,2018,01,07
1743,2018/01/08,47,2018,01,08
1744,2018/01/09,74,2018,01,09
1745,2018/01/10,84,2018,01,10
1746,2018/01/11,77,2018,01,11
1747,2018/01/12,80,2018,01,12
1748,2018/01/13,91,2018,01,13
1749,2018/01/14,52,2018,01,14
1750,2018/01/15,42,2018,01,15
1751,2018/01/16,71,2018,01,16
1752,2018/01/17,67,2018,01,17
1753,2018/01/18,82,2018,01,18
1754,2018/01/19,58,2018,01,19
1755,2018/01/20,80,2018,01,20
1756,2018/01/21,52,2018,01,21
1757,2018/01/22,53,2018,01,22
1758,2018/01/23,74,2018,01,23
1759,2018/01/24,67,2018,01,24
1760,2018/01/25,65,2018,01,25
1761,2018/01/26,71,2018,01,26
1762,2018/01/27,74,2018,01,27
1763,2018/01/28,66,2018,01,28
1764,2018/01/29,60,2018,01,29
1765,2018/01/30,62,2018,01,30
1766,2018/01/31,66,2018,01,31
1767,2018/02/01,65,2018,02,01
1768,2018/02/02,61,2018,02,02
1769,2018/02/03,59,2018,02,03
1770,2018/02/04,54,2018,02,04
1771,2018/02/05,74,2018,02,05
1772,2018/02/06,54,2018,02,06
1773,2018/02/07,63,2018,02,07
1774,2018/02/08,58,2018,02,08
1775,2018/02/09,68,2018,02,09
1776,2018/02/10,80,2018,02,10
1777,2018/02/11,65,2018,02,11
1778,2018/02/12,80,2018,02,12
1779,2018/02/13,67,2018,02,13
1780,2018/02/14,73,2018,02,14
1781,2018/02/15,76,2018,02,15
1782,2018/02/16,87,2018,02,16
1783,2018/02/17,67,2018,02,17
1784,2018/02/18,59,2018,02,18
1785,2018/02/19,42,2018,02,19
1786,2018/02/20,60,2018,02,20
1787,2018/02/21,78,2018,02,21
1788,2018/02/22,90,2018,02,22
1789,2018/02/23,76,2018,02,23
1790,2018/02/24,54,2018,02,24
1791,2018/02/25,62,2018,02,25
1792,2018/02/26,58,2018,02,26
1793,2018/02/27,70,2018,02,27
1794,2018/02/28,65,2018,02,28
1795,2018/03/01,69,2018,03,01
1796,2018/03/02,59,2018,03,02
1797,2018/03/03,68,2018,03,03
1798,2018/03/04,71,2018,03,04
1799,2018/03/05,72,2018,03,05
1800,2018/03/06,72,2018,03,06
1801,2018/03/07,82,2018,03,07
1802,2018/03/08,78,2018,03,08
1803,2018/03/09,85,2018,03,09
1804,2018/03/10,85,2018,03,10
1805,2018/03/11,59,2018,03,11
1806,2018/03/12,42,2018,03,12
1807,2018/03/13,72,2018,03,13
1808,2018/03/14,84,2018,03,14
1809,2018/03/15,82,2018,03,15
1810,2018/03/16,89,2018,03,16
1811,2018/03/17,65,2018,03,17
1812,2018/03/18,65,2018,03,18
1813,2018/03/19,70,2018,03,19
1814,2018/03/20,82,2018,03,20
1815,2018/03/21,61,2018,03,21
1816,2018/03/22,61,2018,03,22
1817,2018/03/23,74,2018,03,23
1818,2018/03/24,71,2018,03,24
1819,2018/03/25,65,2018,03,25
1820,2018/03/26,67,2018,03,26
1821,2018/03/27,58,2018,03,27
1822,2018/03/28,67,2018,03,28
1823,2018/03/29,69,2018,03,29
1824,2018/03/30,81,2018,03,30
1825,2018/03/31,69,2018,03,31
1826,2018/04/01,61,2018,04,01
1827,2018/04/02,47,2018,04,02
1828,2018/04/03,82,2018,04,03
1829,2018/04/04,80,2018,04,04
1830,2018/04/05,97,2018,04,05
1831,2018/04/06,90,2018,04,06
1832,2018/04/07,75,2018,04,07
1833,2018/04/08,52,2018,04,08
1834,2018/04/09,63,2018,04,09
1835,2018/04/10,77,2018,04,10
1836,2018/04/11,71,2018,04,11
1837,2018/04/12,77,2018,04,12
1838,2018/04/13,89,2018,04,13
1839,2018/04/14,99,2018,04,14
1840,2018/04/15,68,2018,04,15
1841,2018/04/16,73,2018,04,16
1842,2018/04/17,72,2018,04,17
1843,2018/04/18,66,2018,04,18
1844,2018/04/19,81,2018,04,19
1845,2018/04/20,85,2018,04,20
1846,2018/04/21,71,2018,04,21
1847,2018/04/22,49,2018,04,22
1848,2018/04/23,66,2018,04,23
1849,2018/04/24,72,2018,04,24
1850,2018/04/25,87,2018,04,25
1851,2018/04/26,79,2018,04,26
1852,2018/04/27,84,2018,04,27
1853,2018/04/28,89,2018,04,28
1854,2018/04/29,70,2018,04,29
1855,2018/04/30,57,2018,04,30
1856,2018/05/01,71,2018,05,01
1857,2018/05/02,95,2018,05,02
1858,2018/05/03,87,2018,05,03
1859,2018/05/04,100,2018,05,04
1860,2018/05/05,82,2018,05,05
1861,2018/05/06,70,2018,05,06
1862,2018/05/07,68,2018,05,07
1863,2018/05/08,99,2018,05,08
1864,2018/05/09,81,2018,05,09
1865,2018/05/10,82,2018,05,10
1866,2018/05/11,71,2018,05,11
1867,2018/05/12,80,2018,05,12
1868,2018/05/13,64,2018,05,13
1869,2018/05/14,65,2018,05,14
1870,2018/05/15,84,2018,05,15
1871,2018/05/16,101,2018,05,16
1872,2018/05/17,82,2018,05,17
1873,2018/05/18,86,2018,05,18
1874,2018/05/19,86,2018,05,19
1875,2018/05/20,58,2018,05,20
1876,2018/05/21,70,2018,05,21
1877,2018/05/22,76,2018,05,22
1878,2018/05/23,74,2018,05,23
1879,2018/05/24,94,2018,05,24
1880,2018/05/25,72,2018,05,25
1881,2018/05/26,79,2018,05,26
1882,2018/05/27,64,2018,05,27
1883,2018/05/28,60,2018,05,28
1884,2018/05/29,52,2018,05,29
1885,2018/05/30,69,2018,05,30
1886,2018/05/31,81,2018,05,31
1887,2018/06/01,89,2018,06,01
1888,2018/06/02,77,2018,06,02
1889,2018/06/03,55,2018,06,03
1890,2018/06/04,62,2018,06,04
1891,2018/06/05,95,2018,06,05
1892,2018/06/06,75,2018,06,06
1893,2018/06/07,91,2018,06,07
1894,2018/06/08,78,2018,06,08
1895,2018/06/09,88,2018,06,09
1896,2018/06/10,66,2018,06,10
1897,2018/06/11,90,2018,06,11
1898,2018/06/12,78,2018,06,12
1899,2018/06/13,70,2018,06,13
1900,2018/06/14,87,2018,06,14
1901,2018/06/15,80,2018,06,15
1902,2018/06/16,84,2018,06,16
1903,2018/06/17,68,2018,06,17
1904,2018/06/18,92,2018,06,18
1905,2018/06/19,80,2018,06,19
1906,2018/06/20,92,2018,06,20
1907,2018/06/21,91,2018,06,21
1908,2018/06/22,85,2018,06,22
1909,2018/06/23,85,2018,06,23
1910,2018/06/24,72,2018,06,24
1911,2018/06/25,61,2018,06,25
1912,2018/06/26,80,2018,06,26
1913,2018/06/27,75,2018,06,27
1914,2018/06/28,80,2018,06,28
1915,2018/06/29,68,2018,06,29
1916,2018/06/30,86,2018,06,30
1917,2018/07/01,64,2018,07,01
1918,2018/07/02,66,2018,07,02
1919,2018/07/03,93,2018,07,03
1920,2018/07/04,61,2018,07,04
1921,2018/07/05,84,2018,07,05
1922,2018/07/06,62,2018,07,06
1923,2018/07/07,75,2018,07,07
1924,2018/07/08,62,2018,07,08
1925,2018/07/09,58,2018,07,09
1926,2018/07/10,86,2018,07,10
1927,2018/07/11,73,2018,07,11
1928,2018/07/12,69,2018,07,12
1929,2018/07/13,86,2018,07,13
1930,2018/07/14,70,2018,07,14
1931,2018/07/15,72,2018,07,15
1932,2018/07/16,76,2018,07,16
1933,2018/07/17,74,2018,07,17
1934,2018/07/18,93,2018,07,18
1935,2018/07/19,78,2018,07,19
1936,2018/07/20,84,2018,07,20
1937,2018/07/21,70,2018,07,21
1938,2018/07/22,79,2018,07,22
1939,2018/07/23,60,2018,07,23
1940,2018/07/24,65,2018,07,24
1941,2018/07/25,75,2018,07,25
1942,2018/07/26,77,2018,07,26
1943,2018/07/27,87,2018,07,27
1944,2018/07/28,76,2018,07,28
1945,2018/07/29,61,2018,07,29
1946,2018/07/30,64,2018,07,30
1947,2018/07/31,77,2018,07,31
1948,2018/08/01,73,2018,08,01
1949,2018/08/02,77,2018,08,02
1950,2018/08/03,67,2018,08,03
1951,2018/08/04,82,2018,08,04
1952,2018/08/05,63,2018,08,05
1953,2018/08/06,64,2018,08,06
1954,2018/08/07,74,2018,08,07
1955,2018/08/08,64,2018,08,08
1956,2018/08/09,88,2018,08,09
1957,2018/08/10,75,2018,08,10
1958,2018/08/11,66,2018,08,11
1959,2018/08/12,57,2018,08,12
1960,2018/08/13,64,2018,08,13
1961,2018/08/14,64,2018,08,14
1962,2018/08/15,71,2018,08,15
1963,2018/08/16,73,2018,08,16
1964,2018/08/17,80,2018,08,17
1965,2018/08/18,58,2018,08,18
1966,2018/08/19,48,2018,08,19
1967,2018/08/20,95,2018,08,20
1968,2018/08/21,58,2018,08,21
1969,2018/08/22,90,2018,08,22
1970,2018/08/23,75,2018,08,23
1971,2018/08/24,84,2018,08,24
1972,2018/08/25,78,2018,08,25
1973,2018/08/26,61,2018,08,26
1974,2018/08/27,78,2018,08,27
1975,2018/08/28,79,2018,08,28
1976,2018/08/29,72,2018,08,29
1977,2018/08/30,70,2018,08,30
1978,2018/08/31,68,2018,08,31
1979,2018/09/01,81,2018,09,01
1980,2018/09/02,67,2018,09,02
1981,2018/09/03,49,2018,09,03
1982,2018/09/04,72,2018,09,04
1983,2018/09/05,86,2018,09,05
1984,2018/09/06,86,2018,09,06
1985,2018/09/07,75,2018,09,07
1986,2018/09/08,70,2018,09,08
1987,2018/09/09,73,2018,09,09
1988,2018/09/10,78,2018,09,10
1989,2018/09/11,84,2018,09,11
1990,2018/09/12,75,2018,09,12
1991,2018/09/13,89,2018,09,13
1992,2018/09/14,74,2018,09,14
1993,2018/09/15,70,2018,09,15
1994,2018/09/16,53,2018,09,16
1995,2018/09/17,64,2018,09,17
1996,2018/09/18,73,2018,09,18
1997,2018/09/19,74,2018,09,19
1998,2018/09/20,83,2018,09,20
1999,2018/09/21,88,2018,09,21
2000,2018/09/22,68,2018,09,22
2001,2018/09/23,66,2018,09,23
2002,2018/09/24,89,2018,09,24
2003,2018/09/25,89,2018,09,25
2004,2018/09/26,85,2018,09,26
2005,2018/09/27,84,2018,09,27
2006,2018/09/28,81,2018,09,28
2007,2018/09/29,87,2018,09,29
2008,2018/09/30,64,2018,09,30
2009,2018/10/01,61,2018,10,01
2010,2018/10/02,68,2018,10,02
2011,2018/10/03,83,2018,10,03
2012,2018/10/04,84,2018,10,04
2013,2018/10/05,80,2018,10,05
2014,2018/10/06,75,2018,10,06
2015,2018/10/07,53,2018,10,07
2016,2018/10/08,55,2018,10,08
2017,2018/10/09,70,2018,10,09
2018,2018/10/10,66,2018,10,10
2019,2018/10/11,73,2018,10,11
2020,2018/10/12,95,2018,10,12
2021,2018/10/13,89,2018,10,13
2022,2018/10/14,55,2018,10,14
2023,2018/10/15,55,2018,10,15
2024,2018/10/16,87,2018,10,16
2025,2018/10/17,97,2018,10,17
2026,2018/10/18,85,2018,10,18
2027,2018/10/19,89,2018,10,19
2028,2018/10/20,88,2018,10,20
2029,2018/10/21,62,2018,10,21
2030,2018/10/22,79,2018,10,22
2031,2018/10/23,72,2018,10,23
2032,2018/10/24,89,2018,10,24
2033,2018/10/25,55,2018,10,25
2034,2018/10/26,77,2018,10,26
2035,2018/10/27,126,2018,10,27
2036,2018/10/28,72,2018,10,28
2037,2018/10/29,74,2018,10,29
2038,2018/10/30,85,2018,10,30
2039,2018/10/31,95,2018,10,31
2040,2018/11/01,87,2018,11,01
2041,2018/11/02,81,2018,11,02
2042,2018/11/03,93,2018,11,03
2043,2018/11/04,85,2018,11,04
2044,2018/11/05,75,2018,11,05
2045,2018/11/06,84,2018,11,06
2046,2018/11/07,68,2018,11,07
2047,2018/11/08,63,2018,11,08
2048,2018/11/09,95,2018,11,09
2049,2018/11/10,77,2018,11,10
2050,2018/11/11,60,2018,11,11
2051,2018/11/12,49,2018,11,12
2052,2018/11/13,70,2018,11,13
2053,2018/11/14,65,2018,11,14
2054,2018/11/15,65,2018,11,15
2055,2018/11/16,77,2018,11,16
2056,2018/11/17,80,2018,11,17
2057,2018/11/18,61,2018,11,18
2058,2018/11/19,74,2018,11,19
2059,2018/11/20,85,2018,11,20
2060,2018/11/21,73,2018,11,21
2061,2018/11/22,32,2018,11,22
2062,2018/11/23,38,2018,11,23
2063,2018/11/24,49,2018,11,24
2064,2018/11/25,53,2018,11,25
2065,2018/11/26,72,2018,11,26
2066,2018/11/27,62,2018,11,27
2067,2018/11/28,74,2018,11,28
2068,2018/11/29,92,2018,11,29
2069,2018/11/30,88,2018,11,30
2070,2018/12/01,76,2018,12,01
2071,2018/12/02,66,2018,12,02
2072,2018/12/03,70,2018,12,03
2073,2018/12/04,80,2018,12,04
2074,2018/12/05,67,2018,12,05
2075,2018/12/06,66,2018,12,06
2076,2018/12/07,100,2018,12,07
2077,2018/12/08,74,2018,12,08
2078,2018/12/09,61,2018,12,09
2079,2018/12/10,59,2018,12,10
2080,2018/12/11,81,2018,12,11
2081,2018/12/12,81,2018,12,12
2082,2018/12/13,64,2018,12,13
2083,2018/12/14,76,2018,12,14
2084,2018/12/15,92,2018,12,15
2085,2018/12/16,101,2018,12,16
2086,2018/12/17,63,2018,12,17
2087,2018/12/18,88,2018,12,18
2088,2018/12/19,82,2018,12,19
2089,2018/12/20,94,2018,12,20
2090,2018/12/21,101,2018,12,21
2091,2018/12/22,57,2018,12,22
2092,2018/12/23,40,2018,12,23
2093,2018/12/24,43,2018,12,24
2094,2018/12/25,33,2018,12,25
2095,2018/12/26,40,2018,12,26
2096,2018/12/27,57,2018,12,27
2097,2018/12/28,61,2018,12,28
2098,2018/12/29,64,2018,12,29
2099,2018/12/30,57,2018,12,30
2100,2018/12/31,57,2018,12,31
2101,2019/01/01,72,2019,01,01
2102,2019/01/02,34,2019,01,02
2103,2019/01/03,56,2019,01,03
2104,2019/01/04,69,2019,01,04
2105,2019/01/05,65,2019,01,05
2106,2019/01/06,48,2019,01,06
2107,2019/01/07,52,2019,01,07
2108,2019/01/08,62,2019,01,08
2109,2019/01/09,79,2019,01,09
2110,2019/01/10,70,2019,01,10
2111,2019/01/11,68,2019,01,11
2112,2019/01/12,68,2019,01,12
2113,2019/01/13,66,2019,01,13
2114,2019/01/14,43,2019,01,14
2115,2019/01/15,68,2019,01,15
2116,2019/01/16,66,2019,01,16
2117,2019/01/17,58,2019,01,17
2118,2019/01/18,84,2019,01,18
2119,2019/01/19,78,2019,01,19
2120,2019/01/20,61,2019,01,20
2121,2019/01/21,39,2019,01,21
2122,2019/01/22,60,2019,01,22
2123,2019/01/23,66,2019,01,23
2124,2019/01/24,55,2019,01,24
2125,2019/01/25,77,2019,01,25
2126,2019/01/26,66,2019,01,26
2127,2019/01/27,45,2019,01,27
2128,2019/01/28,52,2019,01,28
2129,2019/01/29,70,2019,01,29
2130,2019/01/30,63,2019,01,30
2131,2019/01/31,70,2019,01,31
2132,2019/02/01,81,2019,02,01
2133,2019/02/02,89,2019,02,02
2134,2019/02/03,46,2019,02,03
2135,2019/02/04,48,2019,02,04
2136,2019/02/05,65,2019,02,05
2137,2019/02/06,72,2019,02,06
2138,2019/02/07,81,2019,02,07
2139,2019/02/08,82,2019,02,08
2140,2019/02/09,67,2019,02,09
2141,2019/02/10,54,2019,02,10
2142,2019/02/11,55,2019,02,11
2143,2019/02/12,52,2019,02,12
2144,2019/02/13,79,2019,02,13
2145,2019/02/14,82,2019,02,14
2146,2019/02/15,55,2019,02,15
2147,2019/02/16,72,2019,02,16
2148,2019/02/17,50,2019,02,17
2149,2019/02/18,49,2019,02,18
2150,2019/02/19,68,2019,02,19
2151,2019/02/20,43,2019,02,20
2152,2019/02/21,44,2019,02,21
2153,2019/02/22,72,2019,02,22
2154,2019/02/23,67,2019,02,23
2155,2019/02/24,59,2019,02,24
2156,2019/02/25,58,2019,02,25
2157,2019/02/26,68,2019,02,26
2158,2019/02/27,72,2019,02,27
2159,2019/02/28,72,2019,02,28
2160,2019/03/01,71,2019,03,01
2161,2019/03/02,85,2019,03,02
2162,2019/03/03,45,2019,03,03
2163,2019/03/04,64,2019,03,04
2164,2019/03/05,75,2019,03,05
2165,2019/03/06,72,2019,03,06
2166,2019/03/07,82,2019,03,07
2167,2019/03/08,61,2019,03,08
2168,2019/03/09,85,2019,03,09
2169,2019/03/10,62,2019,03,10
2170,2019/03/11,55,2019,03,11
2171,2019/03/12,78,2019,03,12
2172,2019/03/13,60,2019,03,13
2173,2019/03/14,71,2019,03,14
2174,2019/03/15,83,2019,03,15
2175,2019/03/16,80,2019,03,16
2176,2019/03/17,65,2019,03,17
2177,2019/03/18,77,2019,03,18
2178,2019/03/19,62,2019,03,19
2179,2019/03/20,69,2019,03,20
2180,2019/03/21,80,2019,03,21
2181,2019/03/22,84,2019,03,22
2182,2019/03/23,90,2019,03,23
2183,2019/03/24,54,2019,03,24
2184,2019/03/25,78,2019,03,25
2185,2019/03/26,70,2019,03,26
2186,2019/03/27,75,2019,03,27
2187,2019/03/28,77,2019,03,28
2188,2019/03/29,92,2019,03,29
2189,2019/03/30,69,2019,03,30
2190,2019/03/31,77,2019,03,31
2191,2019/04/01,88,2019,04,01
2192,2019/04/02,73,2019,04,02
2193,2019/04/03,108,2019,04,03
2194,2019/04/04,84,2019,04,04
2195,2019/04/05,85,2019,04,05
2196,2019/04/06,73,2019,04,06
2197,2019/04/07,73,2019,04,07
2198,2019/04/08,79,2019,04,08
2199,2019/04/09,82,2019,04,09
2200,2019/04/10,91,2019,04,10
2201,2019/04/11,81,2019,04,11
2202,2019/04/12,92,2019,04,12
2203,2019/04/13,71,2019,04,13
2204,2019/04/14,51,2019,04,14
2205,2019/04/15,61,2019,04,15
2206,2019/04/16,60,2019,04,16
2207,2019/04/17,66,2019,04,17
2208,2019/04/18,67,2019,04,18
2209,2019/04/19,68,2019,04,19
2210,2019/04/20,60,2019,04,20
2211,2019/04/21,60,2019,04,21
2212,2019/04/22,55,2019,04,22
2213,2019/04/23,100,2019,04,23
2214,2019/04/24,84,2019,04,24
2215,2019/04/25,84,2019,04,25
2216,2019/04/26,84,2019,04,26
2217,2019/04/27,80,2019,04,27
2218,2019/04/28,53,2019,04,28
2219,2019/04/29,72,2019,04,29
2220,2019/04/30,66,2019,04,30
2221,2019/05/01,91,2019,05,01
2222,2019/05/02,74,2019,05,02
2223,2019/05/03,93,2019,05,03
2224,2019/05/04,76,2019,05,04
2225,2019/05/05,74,2019,05,05
2226,2019/05/06,62,2019,05,06
2227,2019/05/07,100,2019,05,07
2228,2019/05/08,71,2019,05,08
2229,2019/05/09,80,2019,05,09
2230,2019/05/10,72,2019,05,10
2231,2019/05/11,74,2019,05,11
2232,2019/05/12,84,2019,05,12
2233,2019/05/13,71,2019,05,13
2234,2019/05/14,65,2019,05,14
2235,2019/05/15,84,2019,05,15
2236,2019/05/16,97,2019,05,16
2237,2019/05/17,90,2019,05,17
2238,2019/05/18,100,2019,05,18
2239,2019/05/19,84,2019,05,19
2240,2019/05/20,80,2019,05,20
2241,2019/05/21,88,2019,05,21
2242,2019/05/22,88,2019,05,22
2243,2019/05/23,101,2019,05,23
2244,2019/05/24,89,2019,05,24
2245,2019/05/25,82,2019,05,25
2246,2019/05/26,63,2019,05,26
2247,2019/05/27,54,2019,05,27
2248,2019/05/28,78,2019,05,28
2249,2019/05/29,94,2019,05,29
2250,2019/05/30,77,2019,05,30
2251,2019/05/31,90,2019,05,31
2252,2019/06/01,73,2019,06,01
2253,2019/06/02,56,2019,06,02
2254,2019/06/03,73,2019,06,03
2255,2019/06/04,89,2019,06,04
2256,2019/06/05,77,2019,06,05
2257,2019/06/06,86,2019,06,06
2258,2019/06/07,84,2019,06,07
2259,2019/06/08,79,2019,06,08
2260,2019/06/09,74,2019,06,09
2261,2019/06/10,81,2019,06,10
2262,2019/06/11,80,2019,06,11
2263,2019/06/12,94,2019,06,12
2264,2019/06/13,87,2019,06,13
2265,2019/06/14,83,2019,06,14
2266,2019/06/15,75,2019,06,15
2267,2019/06/16,75,2019,06,16
2268,2019/06/17,63,2019,06,17
2269,2019/06/18,84,2019,06,18
2270,2019/06/19,74,2019,06,19
2271,2019/06/20,80,2019,06,20
2272,2019/06/21,81,2019,06,21
2273,2019/06/22,81,2019,06,22
2274,2019/06/23,90,2019,06,23
2275,2019/06/24,59,2019,06,24
2276,2019/06/25,84,2019,06,25
2277,2019/06/26,78,2019,06,26
2278,2019/06/27,85,2019,06,27
2279,2019/06/28,79,2019,06,28
2280,2019/06/29,75,2019,06,29
2281,2019/06/30,68,2019,06,30
2282,2019/07/01,80,2019,07,01
2283,2019/07/02,85,2019,07,02
2284,2019/07/03,95,2019,07,03
2285,2019/07/04,58,2019,07,04
2286,2019/07/05,87,2019,07,05
2287,2019/07/06,52,2019,07,06
2288,2019/07/07,60,2019,07,07
2289,2019/07/08,57,2019,07,08
2290,2019/07/09,72,2019,07,09
2291,2019/07/10,85,2019,07,10
2292,2019/07/11,90,2019,07,11
2293,2019/07/12,87,2019,07,12
2294,2019/07/13,88,2019,07,13
2295,2019/07/14,54,2019,07,14
2296,2019/07/15,74,2019,07,15
2297,2019/07/16,73,2019,07,16
2298,2019/07/17,79,2019,07,17
2299,2019/07/18,87,2019,07,18
2300,2019/07/19,80,2019,07,19
2301,2019/07/20,93,2019,07,20
2302,2019/07/21,67,2019,07,21
2303,2019/07/22,73,2019,07,22
2304,2019/07/23,82,2019,07,23
2305,2019/07/24,75,2019,07,24
2306,2019/07/25,70,2019,07,25
2307,2019/07/26,77,2019,07,26
2308,2019/07/27,65,2019,07,27
2309,2019/07/28,70,2019,07,28
2310,2019/07/29,71,2019,07,29
2311,2019/07/30,70,2019,07,30
2312,2019/07/31,64,2019,07,31
2313,2019/08/01,79,2019,08,01
2314,2019/08/02,70,2019,08,02
2315,2019/08/03,69,2019,08,03
2316,2019/08/04,52,2019,08,04
2317,2019/08/05,75,2019,08,05
2318,2019/08/06,67,2019,08,06
2319,2019/08/07,81,2019,08,07
2320,2019/08/08,94,2019,08,08
2321,2019/08/09,83,2019,08,09
2322,2019/08/10,80,2019,08,10
2323,2019/08/11,60,2019,08,11
2324,2019/08/12,63,2019,08,12
2325,2019/08/13,62,2019,08,13
2326,2019/08/14,55,2019,08,14
2327,2019/08/15,84,2019,08,15
2328,2019/08/16,67,2019,08,16
2329,2019/08/17,78,2019,08,17
2330,2019/08/18,55,2019,08,18
2331,2019/08/19,62,2019,08,19
2332,2019/08/20,63,2019,08,20
2333,2019/08/21,80,2019,08,21
2334,2019/08/22,84,2019,08,22
2335,2019/08/23,76,2019,08,23
2336,2019/08/24,97,2019,08,24
2337,2019/08/25,72,2019,08,25
2338,2019/08/26,80,2019,08,26
2339,2019/08/27,58,2019,08,27
2340,2019/08/28,91,2019,08,28
2341,2019/08/29,89,2019,08,29
2342,2019/08/30,77,2019,08,30
2343,2019/08/31,92,2019,08,31
2344,2019/09/01,78,2019,09,01
2345,2019/09/02,58,2019,09,02
2346,2019/09/03,81,2019,09,03
2347,2019/09/04,78,2019,09,04
2348,2019/09/05,94,2019,09,05
2349,2019/09/06,74,2019,09,06
2350,2019/09/07,65,2019,09,07
2351,2019/09/08,64,2019,09,08
2352,2019/09/09,69,2019,09,09
2353,2019/09/10,76,2019,09,10
2354,2019/09/11,86,2019,09,11
2355,2019/09/12,97,2019,09,12
2356,2019/09/13,91,2019,09,13
2357,2019/09/14,72,2019,09,14
2358,2019/09/15,67,2019,09,15
2359,2019/09/16,84,2019,09,16
2360,2019/09/17,69,2019,09,17
2361,2019/09/18,79,2019,09,18
2362,2019/09/19,87,2019,09,19
2363,2019/09/20,85,2019,09,20
2364,2019/09/21,83,2019,09,21
2365,2019/09/22,75,2019,09,22
2366,2019/09/23,87,2019,09,23
2367,2019/09/24,75,2019,09,24
2368,2019/09/25,87,2019,09,25
2369,2019/09/26,88,2019,09,26
2370,2019/09/27,94,2019,09,27
2371,2019/09/28,50,2019,09,28
2372,2019/09/29,65,2019,09,29
2373,2019/09/30,67,2019,09,30
2374,2019/10/01,73,2019,10,01
2375,2019/10/02,88,2019,10,02
2376,2019/10/03,79,2019,10,03
2377,2019/10/04,99,2019,10,04
2378,2019/10/05,85,2019,10,05
2379,2019/10/06,57,2019,10,06
2380,2019/10/07,67,2019,10,07
2381,2019/10/08,73,2019,10,08
2382,2019/10/09,74,2019,10,09
2383,2019/10/10,77,2019,10,10
2384,2019/10/11,73,2019,10,11
2385,2019/10/12,91,2019,10,12
2386,2019/10/13,77,2019,10,13
2387,2019/10/14,56,2019,10,14
2388,2019/10/15,80,2019,10,15
2389,2019/10/16,79,2019,10,16
2390,2019/10/17,86,2019,10,17
2391,2019/10/18,81,2019,10,18
2392,2019/10/19,82,2019,10,19
2393,2019/10/20,66,2019,10,20
2394,2019/10/21,79,2019,10,21
2395,2019/10/22,77,2019,10,22
2396,2019/10/23,88,2019,10,23
2397,2019/10/24,89,2019,10,24
2398,2019/10/25,94,2019,10,25
2399,2019/10/26,77,2019,10,26
2400,2019/10/27,72,2019,10,27
2401,2019/10/28,79,2019,10,28
2402,2019/10/29,95,2019,10,29
2403,2019/10/30,79,2019,10,30
2404,2019/10/31,104,2019,10,31
2405,2019/11/01,102,2019,11,01
2406,2019/11/02,70,2019,11,02
2407,2019/11/03,76,2019,11,03
2408,2019/11/04,63,2019,11,04
2409,2019/11/05,79,2019,11,05
2410,2019/11/06,78,2019,11,06
2411,2019/11/07,78,2019,11,07
2412,2019/11/08,89,2019,11,08
2413,2019/11/09,72,2019,11,09
2414,2019/11/10,49,2019,11,10
2415,2019/11/11,61,2019,11,11
2416,2019/11/12,67,2019,11,12
2417,2019/11/13,79,2019,11,13
2418,2019/11/14,94,2019,11,14
2419,2019/11/15,85,2019,11,15
2420,2019/11/16,85,2019,11,16
2421,2019/11/17,49,2019,11,17
2422,2019/11/18,85,2019,11,18
2423,2019/11/19,67,2019,11,19
2424,2019/11/20,69,2019,11,20
2425,2019/11/21,75,2019,11,21
2426,2019/11/22,84,2019,11,22
2427,2019/11/23,77,2019,11,23
2428,2019/11/24,77,2019,11,24
2429,2019/11/25,90,2019,11,25
2430,2019/11/26,74,2019,11,26
2431,2019/11/27,58,2019,11,27
2432,2019/11/28,46,2019,11,28
2433,2019/11/29,28,2019,11,29
2434,2019/11/30,36,2019,11,30
2435,2019/12/01,54,2019,12,01
2436,2019/12/02,67,2019,12,02
2437,2019/12/03,58,2019,12,03
2438,2019/12/04,74,2019,12,04
2439,2019/12/05,85,2019,12,05
2440,2019/12/06,99,2019,12,06
2441,2019/12/07,66,2019,12,07
2442,2019/12/08,81,2019,12,08
2443,2019/12/09,71,2019,12,09
2444,2019/12/10,68,2019,12,10
2445,2019/12/11,100,2019,12,11
2446,2019/12/12,90,2019,12,12
2447,2019/12/13,103,2019,12,13
2448,2019/12/14,89,2019,12,14
2449,2019/12/15,62,2019,12,15
2450,2019/12/16,79,2019,12,16
2451,2019/12/17,73,2019,12,17
2452,2019/12/18,68,2019,12,18
2453,2019/12/19,84,2019,12,19
2454,2019/12/20,80,2019,12,20
2455,2019/12/21,70,2019,12,21
2456,2019/12/22,65,2019,12,22
2457,2019/12/23,51,2019,12,23
2458,2019/12/24,51,2019,12,24
2459,2019/12/25,44,2019,12,25
2460,2019/12/26,41,2019,12,26
2461,2019/12/27,43,2019,12,27
2462,2019/12/28,57,2019,12,28
2463,2019/12/29,51,2019,12,29
2464,2019/12/30,62,2019,12,30
2465,2019/12/31,47,2019,12,31
